1;0:00:00;753
1;0:01:00;745
1;0:02:00;740
1;0:03:00;736
1;0:04:00;726
1;0:05:00;734
1;0:06:00;745
1;0:07:00;757
1;0:08:00;753
1;0:09:00;771
1;0:10:00;753
1;0:11:00;752
1;0:12:00;749
1;0:13:00;763
1;0:14:00;763
1;0:15:00;770
1;0:16:00;768
1;0:17:00;770
1;0:18:00;745
1;0:19:00;741
1;0:20:00;737
1;0:21:00;744
1;0:22:00;754
1;0:23:00;742
1;0:24:00;741
1;0:25:00;747
1;0:26:00;768
1;0:27:00;750
1;0:28:00;746
1;0:29:00;755
1;0:30:00;758
1;0:31:00;758
1;0:32:00;773
1;0:33:00;780
1;0:34:00;746
1;0:35:00;752
1;0:36:00;747
1;0:37:00;760
1;0:38:00;748
1;0:39:00;773
1;0:40:00;757
1;0:41:00;771
1;0:42:00;762
1;0:43:00;765
1;0:44:00;757
1;0:45:00;753
1;0:46:00;750
1;0:47:00;754
1;0:48:00;766
1;0:49:00;779
1;0:50:00;755
1;0:51:00;771
1;0:52:00;772
1;0:53:00;775
1;0:54:00;759
1;0:55:00;752
1;0:56:00;747
1;0:57:00;754
1;0:58:00;774
1;0:59:00;770
1;1:00:00;764
1;1:01:00;770
1;1:02:00;758
1;1:03:00;766
1;1:04:00;769
1;1:05:00;751
1;1:06:00;747
1;1:07:00;745
1;1:08:00;747
1;1:09:00;742
1;1:10:00;735
1;1:11:00;732
1;1:12:00;736
1;1:13:00;757
1;1:14:00;794
1;1:15:00;736
1;1:16:00;729
1;1:17:00;735
1;1:18:00;749
1;1:19:00;745
1;1:20:00;722
1;1:21:00;714
1;1:22:00;719
1;1:23:00;726
1;1:24:00;728
1;1:25:00;733
1;1:26:00;722
1;1:27:00;726
1;1:28:00;733
1;1:29:00;764
1;1:30:00;726
1;1:31:00;733
1;1:32:00;728
1;1:33:00;749
1;1:34:00;745
1;1:35:00;760
1;1:36:00;751
1;1:37:00;746
1;1:38:00;751
1;1:39:00;733
1;1:40:00;733
1;1:41:00;746
1;1:42:00;745
1;1:43:00;744
1;1:44:00;747
1;1:45:00;786
1;1:46:00;727
1;1:47:00;757
1;1:48:00;723
1;1:49:00;697
1;1:50:00;699
1;1:51:00;690
1;1:52:00;696
1;1:53:00;707
1;1:54:00;723
1;1:55:00;770
1;1:56:00;764
1;1:57:00;718
1;1:58:00;723
1;1:59:00;724
1;2:00:00;720
1;2:01:00;724
1;2:02:00;713
1;2:03:00;707
1;2:04:00;710
1;2:05:00;699
1;2:06:00;689
1;2:07:00;691
1;2:08:00;688
1;2:09:00;715
1;2:10:00;680
1;2:11:00;707
1;2:12:00;712
1;2:13:00;722
1;2:14:00;730
1;2:15:00;766
1;2:16:00;764
1;2:17:00;721
1;2:18:00;712
1;2:19:00;714
1;2:20:00;716
1;2:21:00;708
1;2:22:00;701
1;2:23:00;707
1;2:24:00;708
1;2:25:00;697
1;2:26:00;701
1;2:27:00;711
1;2:28:00;698
1;2:29:00;714
1;2:30:00;719
1;2:31:00;710
1;2:32:00;701
1;2:33:00;713
1;2:34:00;729
1;2:35:00;710
1;2:36:00;729
1;2:37:00;712
1;2:38:00;681
1;2:39:00;720
1;2:40:00;682
1;2:41:00;681
1;2:42:00;704
1;2:43:00;713
1;2:44:00;701
1;2:45:00;690
1;2:46:00;692
1;2:47:00;692
1;2:48:00;701
1;2:49:00;712
1;2:50:00;703
1;2:51:00;731
1;2:52:00;696
1;2:53:00;699
1;2:54:00;717
1;2:55:00;750
1;2:56:00;708
1;2:57:00;690
1;2:58:00;687
1;2:59:00;700
1;3:00:00;699
1;3:01:00;683
1;3:02:00;691
1;3:03:00;705
1;3:04:00;706
1;3:05:00;710
1;3:06:00;720
1;3:07:00;706
1;3:08:00;708
1;3:09:00;717
1;3:10:00;713
1;3:11:00;710
1;3:12:00;738
1;3:13:00;708
1;3:14:00;727
1;3:15:00;703
1;3:16:00;711
1;3:17:00;703
1;3:18:00;714
1;3:19:00;689
1;3:20:00;703
1;3:21:00;720
1;3:22:00;751
1;3:23:00;742
1;3:24:00;724
1;3:25:00;713
1;3:26:00;693
1;3:27:00;701
1;3:28:00;718
1;3:29:00;707
1;3:30:00;730
1;3:31:00;696
1;3:32:00;707
1;3:33:00;719
1;3:34:00;706
1;3:35:00;702
1;3:36:00;697
1;3:37:00;684
1;3:38:00;708
1;3:39:00;717
1;3:40:00;731
1;3:41:00;720
1;3:42:00;715
1;3:43:00;729
1;3:44:00;712
1;3:45:00;716
1;3:46:00;723
1;3:47:00;717
1;3:48:00;715
1;3:49:00;720
1;3:50:00;732
1;3:51:00;734
1;3:52:00;739
1;3:53:00;734
1;3:54:00;745
1;3:55:00;739
1;3:56:00;736
1;3:57:00;739
1;3:58:00;730
1;3:59:00;731
1;4:00:00;738
1;4:01:00;748
1;4:02:00;756
1;4:03:00;746
1;4:04:00;737
1;4:05:00;730
1;4:06:00;739
1;4:07:00;764
1;4:08:00;771
1;4:09:00;717
1;4:10:00;681
1;4:11:00;700
1;4:12:00;705
1;4:13:00;692
1;4:14:00;681
1;4:15:00;708
1;4:16:00;718
1;4:17:00;686
1;4:18:00;684
1;4:19:00;679
1;4:20:00;731
1;4:21:00;700
1;4:22:00;681
1;4:23:00;702
1;4:24:00;683
1;4:25:00;686
1;4:26:00;684
1;4:27:00;653
1;4:28:00;652
1;4:29:00;666
1;4:30:00;608
1;4:31:00;616
1;4:32:00;600
1;4:33:00;660
1;4:34:00;655
1;4:35:00;595
1;4:36:00;596
1;4:37:00;605
1;4:38:00;557
1;4:39:00;593
1;4:40:00;613
1;4:41:00;560
1;4:42:00;529
1;4:43:00;573
1;4:44:00;512
1;4:45:00;536
1;4:46:00;605
1;4:47:00;556
1;4:48:00;578
1;4:49:00;536
1;4:50:00;570
1;4:51:00;482
1;4:52:00;481
1;4:53:00;602
1;4:54:00;545
1;4:55:00;564
1;4:56:00;542
1;4:57:00;521
1;4:58:00;549
1;4:59:00;537
1;5:00:00;543
1;5:01:00;562
1;5:02:00;494
1;5:03:00;574
1;5:04:00;516
1;5:05:00;517
1;5:06:00;504
1;5:07:00;538
1;5:08:00;524
1;5:09:00;535
1;5:10:00;523
1;5:11:00;528
1;5:12:00;504
1;5:13:00;600
1;5:14:00;585
1;5:15:00;648
1;5:16:00;585
1;5:17:00;546
1;5:18:00;518
1;5:19:00;556
1;5:20:00;458
1;5:21:00;466
1;5:22:00;500
1;5:23:00;501
1;5:24:00;550
1;5:25:00;607
1;5:26:00;560
1;5:27:00;531
1;5:28:00;536
1;5:29:00;553
1;5:30:00;513
1;5:31:00;553
1;5:32:00;530
1;5:33:00;486
1;5:34:00;490
1;5:35:00;587
1;5:36:00;523
1;5:37:00;564
1;5:38:00;569
1;5:39:00;528
1;5:40:00;653
1;5:41:00;735
1;5:42:00;632
1;5:43:00;641
1;5:44:00;577
1;5:45:00;495
1;5:46:00;517
1;5:47:00;517
1;5:48:00;609
1;5:49:00;527
1;5:50:00;509
1;5:51:00;526
1;5:52:00;533
1;5:53:00;577
1;5:54:00;555
1;5:55:00;551
1;5:56:00;590
1;5:57:00;556
1;5:58:00;586
1;5:59:00;573
1;6:00:00;655
1;6:01:00;566
1;6:02:00;595
1;6:03:00;614
1;6:04:00;612
1;6:05:00;632
1;6:06:00;654
1;6:07:00;668
1;6:08:00;654
1;6:09:00;690
1;6:10:00;695
1;6:11:00;666
1;6:12:00;693
1;6:13:00;679
1;6:14:00;639
1;6:15:00;632
1;6:16:00;603
1;6:17:00;623
1;6:18:00;658
1;6:19:00;612
1;6:20:00;684
1;6:21:00;756
1;6:22:00;787
1;6:23:00;704
1;6:24:00;643
1;6:25:00;748
1;6:26:00;702
1;6:27:00;600
1;6:28:00;542
1;6:29:00;554
1;6:30:00;581
1;6:31:00;548
1;6:32:00;548
1;6:33:00;545
1;6:34:00;556
1;6:35:00;551
1;6:36:00;574
1;6:37:00;593
1;6:38:00;573
1;6:39:00;603
1;6:40:00;599
1;6:41:00;629
1;6:42:00;641
1;6:43:00;643
1;6:44:00;606
1;6:45:00;579
1;6:46:00;605
1;6:47:00;553
1;6:48:00;553
1;6:49:00;544
1;6:50:00;622
1;6:51:00;543
1;6:52:00;583
1;6:53:00;585
1;6:54:00;604
1;6:55:00;627
1;6:56:00;583
1;6:57:00;546
1;6:58:00;543
1;6:59:00;561
1;7:00:00;546
1;7:01:00;530
1;7:02:00;549
1;7:03:00;537
1;7:04:00;530
1;7:05:00;513
1;7:06:00;512
1;7:07:00;499
1;7:08:00;598
1;7:09:00;548
1;7:10:00;498
1;7:11:00;558
1;7:12:00;577
1;7:13:00;712
1;7:14:00;565
1;7:15:00;510
1;7:16:00;545
1;7:17:00;567
1;7:18:00;615
1;7:19:00;655
1;7:20:00;742
1;7:21:00;744
1;7:22:00;694
1;7:23:00;638
1;7:24:00;598
1;7:25:00;610
1;7:26:00;666
1;7:27:00;614
1;7:28:00;673
1;7:29:00;772
1;7:30:00;751
1;7:31:00;739
1;7:32:00;606
1;7:33:00;627
1;7:34:00;641
1;7:35:00;640
1;7:36:00;644
1;7:37:00;587
1;7:38:00;613
1;7:39:00;597
1;7:40:00;609
1;7:41:00;607
1;7:42:00;595
1;7:43:00;616
1;7:44:00;628
1;7:45:00;619
1;7:46:00;581
1;7:47:00;584
1;7:48:00;600
1;7:49:00;621
1;7:50:00;707
1;7:51:00;752
1;7:52:00;755
1;7:53:00;809
1;7:54:00;752
1;7:55:00;623
1;7:56:00;624
1;7:57:00;575
1;7:58:00;536
1;7:59:00;597
1;8:00:00;513
1;8:01:00;553
1;8:02:00;585
1;8:03:00;517
1;8:04:00;522
1;8:05:00;574
1;8:06:00;583
1;8:07:00;534
1;8:08:00;625
1;8:09:00;611
1;8:10:00;584
1;8:11:00;565
1;8:12:00;555
1;8:13:00;515
1;8:14:00;521
1;8:15:00;527
1;8:16:00;471
1;8:17:00;557
1;8:18:00;569
1;8:19:00;565
1;8:20:00;580
1;8:21:00;568
1;8:22:00;585
1;8:23:00;539
1;8:24:00;525
1;8:25:00;605
1;8:26:00;586
1;8:27:00;553
1;8:28:00;534
1;8:29:00;617
1;8:30:00;504
1;8:31:00;547
1;8:32:00;731
1;8:33:00;552
1;8:34:00;546
1;8:35:00;584
1;8:36:00;569
1;8:37:00;596
1;8:38:00;486
1;8:39:00;525
1;8:40:00;596
1;8:41:00;539
1;8:42:00;536
1;8:43:00;722
1;8:44:00;636
1;8:45:00;572
1;8:46:00;586
1;8:47:00;525
1;8:48:00;549
1;8:49:00;592
1;8:50:00;566
1;8:51:00;580
1;8:52:00;610
1;8:53:00;608
1;8:54:00;613
1;8:55:00;575
1;8:56:00;615
1;8:57:00;613
1;8:58:00;543
1;8:59:00;571
1;9:00:00;573
1;9:01:00;543
1;9:02:00;557
1;9:03:00;582
1;9:04:00;580
1;9:05:00;597
1;9:06:00;580
1;9:07:00;576
1;9:08:00;704
1;9:09:00;612
1;9:10:00;611
1;9:11:00;551
1;9:12:00;608
1;9:13:00;562
1;9:14:00;655
1;9:15:00;540
1;9:16:00;596
1;9:17:00;624
1;9:18:00;600
1;9:19:00;557
1;9:20:00;604
1;9:21:00;559
1;9:22:00;602
1;9:23:00;593
1;9:24:00;594
1;9:25:00;605
1;9:26:00;633
1;9:27:00;603
1;9:28:00;599
1;9:29:00;552
1;9:30:00;609
1;9:31:00;555
1;9:32:00;545
1;9:33:00;582
1;9:34:00;535
1;9:35:00;585
1;9:36:00;585
1;9:37:00;588
1;9:38:00;586
1;9:39:00;609
1;9:40:00;627
1;9:41:00;568
1;9:42:00;604
1;9:43:00;542
1;9:44:00;605
1;9:45:00;565
1;9:46:00;551
1;9:47:00;579
1;9:48:00;568
1;9:49:00;611
1;9:50:00;614
1;9:51:00;603
1;9:52:00;602
1;9:53:00;639
1;9:54:00;584
1;9:55:00;567
1;9:56:00;570
1;9:57:00;581
1;9:58:00;591
1;9:59:00;626
1;10:00:00;578
1;10:01:00;602
1;10:02:00;583
1;10:03:00;608
1;10:04:00;573
1;10:05:00;601
1;10:06:00;612
1;10:07:00;598
1;10:08:00;575
1;10:09:00;620
1;10:10:00;594
1;10:11:00;603
1;10:12:00;561
1;10:13:00;589
1;10:14:00;564
1;10:15:00;553
1;10:16:00;550
1;10:17:00;574
1;10:18:00;597
1;10:19:00;569
1;10:20:00;588
1;10:21:00;585
1;10:22:00;593
1;10:23:00;604
1;10:24:00;652
1;10:25:00;596
1;10:26:00;588
1;10:27:00;591
1;10:28:00;617
1;10:29:00;619
1;10:30:00;615
1;10:31:00;611
1;10:32:00;588
1;10:33:00;613
1;10:34:00;561
1;10:35:00;599
1;10:36:00;604
1;10:37:00;568
1;10:38:00;591
1;10:39:00;571
1;10:40:00;600
1;10:41:00;606
1;10:42:00;572
1;10:43:00;546
1;10:44:00;541
1;10:45:00;527
1;10:46:00;608
1;10:47:00;580
1;10:48:00;608
1;10:49:00;593
1;10:50:00;607
1;10:51:00;566
1;10:52:00;563
1;10:53:00;671
1;10:54:00;556
1;10:55:00;588
1;10:56:00;572
1;10:57:00;601
1;10:58:00;567
1;10:59:00;552
1;11:00:00;635
1;11:01:00;564
1;11:02:00;568
1;11:03:00;595
1;11:04:00;620
1;11:05:00;590
1;11:06:00;612
1;11:07:00;595
1;11:08:00;580
1;11:09:00;598
1;11:10:00;602
1;11:11:00;589
1;11:12:00;608
1;11:13:00;589
1;11:14:00;591
1;11:15:00;568
1;11:16:00;588
1;11:17:00;593
1;11:18:00;558
1;11:19:00;586
1;11:20:00;601
1;11:21:00;555
1;11:22:00;572
1;11:23:00;552
1;11:24:00;645
1;11:25:00;581
1;11:26:00;586
1;11:27:00;604
1;11:28:00;572
1;11:29:00;573
1;11:30:00;588
1;11:31:00;592
1;11:32:00;594
1;11:33:00;604
1;11:34:00;597
1;11:35:00;603
1;11:36:00;593
1;11:37:00;568
1;11:38:00;597
1;11:39:00;554
1;11:40:00;553
1;11:41:00;609
1;11:42:00;612
1;11:43:00;566
1;11:44:00;568
1;11:45:00;577
1;11:46:00;552
1;11:47:00;564
1;11:48:00;568
1;11:49:00;531
1;11:50:00;556
1;11:51:00;556
1;11:52:00;537
1;11:53:00;562
1;11:54:00;575
1;11:55:00;580
1;11:56:00;582
1;11:57:00;610
1;11:58:00;600
1;11:59:00;579
1;12:00:00;553
1;12:01:00;569
1;12:02:00;568
1;12:03:00;582
1;12:04:00;629
1;12:05:00;576
1;12:06:00;567
1;12:07:00;571
1;12:08:00;597
1;12:09:00;669
1;12:10:00;619
1;12:11:00;666
1;12:12:00;584
1;12:13:00;592
1;12:14:00;637
1;12:15:00;561
1;12:16:00;572
1;12:17:00;630
1;12:18:00;621
1;12:19:00;579
1;12:20:00;612
1;12:21:00;564
1;12:22:00;568
1;12:23:00;551
1;12:24:00;562
1;12:25:00;550
1;12:26:00;564
1;12:27:00;630
1;12:28:00;562
1;12:29:00;565
1;12:30:00;593
1;12:31:00;584
1;12:32:00;580
1;12:33:00;623
1;12:34:00;615
1;12:35:00;536
1;12:36:00;564
1;12:37:00;532
1;12:38:00;574
1;12:39:00;612
1;12:40:00;569
1;12:41:00;586
1;12:42:00;642
1;12:43:00;534
1;12:44:00;558
1;12:45:00;614
1;12:46:00;553
1;12:47:00;553
1;12:48:00;579
1;12:49:00;563
1;12:50:00;572
1;12:51:00;560
1;12:52:00;554
1;12:53:00;535
1;12:54:00;573
1;12:55:00;545
1;12:56:00;530
1;12:57:00;580
1;12:58:00;593
1;12:59:00;543
1;13:00:00;561
1;13:01:00;591
1;13:02:00;595
1;13:03:00;548
1;13:04:00;570
1;13:05:00;587
1;13:06:00;612
1;13:07:00;575
1;13:08:00;673
1;13:09:00;594
1;13:10:00;566
1;13:11:00;553
1;13:12:00;535
1;13:13:00;569
1;13:14:00;551
1;13:15:00;528
1;13:16:00;544
1;13:17:00;575
1;13:18:00;609
1;13:19:00;541
1;13:20:00;561
1;13:21:00;555
1;13:22:00;620
1;13:23:00;572
1;13:24:00;585
1;13:25:00;587
1;13:26:00;620
1;13:27:00;559
1;13:28:00;565
1;13:29:00;591
1;13:30:00;578
1;13:31:00;540
1;13:32:00;585
1;13:33:00;565
1;13:34:00;571
1;13:35:00;602
1;13:36:00;652
1;13:37:00;590
1;13:38:00;612
1;13:39:00;560
1;13:40:00;624
1;13:41:00;574
1;13:42:00;554
1;13:43:00;574
1;13:44:00;543
1;13:45:00;566
1;13:46:00;565
1;13:47:00;543
1;13:48:00;549
1;13:49:00;551
1;13:50:00;608
1;13:51:00;608
1;13:52:00;495
1;13:53:00;570
1;13:54:00;556
1;13:55:00;558
1;13:56:00;561
1;13:57:00;540
1;13:58:00;643
1;13:59:00;566
1;14:00:00;597
1;14:01:00;546
1;14:02:00;556
1;14:03:00;535
1;14:04:00;560
1;14:05:00;509
1;14:06:00;570
1;14:07:00;566
1;14:08:00;533
1;14:09:00;551
1;14:10:00;613
1;14:11:00;676
1;14:12:00;566
1;14:13:00;684
1;14:14:00;604
1;14:15:00;557
1;14:16:00;552
1;14:17:00;539
1;14:18:00;585
1;14:19:00;559
1;14:20:00;636
1;14:21:00;602
1;14:22:00;555
1;14:23:00;596
1;14:24:00;600
1;14:25:00;621
1;14:26:00;600
1;14:27:00;556
1;14:28:00;536
1;14:29:00;580
1;14:30:00;562
1;14:31:00;582
1;14:32:00;555
1;14:33:00;535
1;14:34:00;523
1;14:35:00;530
1;14:36:00;534
1;14:37:00;538
1;14:38:00;622
1;14:39:00;529
1;14:40:00;570
1;14:41:00;565
1;14:42:00;526
1;14:43:00;598
1;14:44:00;556
1;14:45:00;614
1;14:46:00;591
1;14:47:00;561
1;14:48:00;537
1;14:49:00;574
1;14:50:00;521
1;14:51:00;519
1;14:52:00;546
1;14:53:00;532
1;14:54:00;513
1;14:55:00;549
1;14:56:00;573
1;14:57:00;584
1;14:58:00;557
1;14:59:00;566
1;15:00:00;570
1;15:01:00;577
1;15:02:00;500
1;15:03:00;525
1;15:04:00;540
1;15:05:00;635
1;15:06:00;584
1;15:07:00;527
1;15:08:00;530
1;15:09:00;567
1;15:10:00;558
1;15:11:00;556
1;15:12:00;550
1;15:13:00;579
1;15:14:00;560
1;15:15:00;561
1;15:16:00;621
1;15:17:00;557
1;15:18:00;559
1;15:19:00;584
1;15:20:00;563
1;15:21:00;550
1;15:22:00;551
1;15:23:00;547
1;15:24:00;598
1;15:25:00;608
1;15:26:00;604
1;15:27:00;595
1;15:28:00;584
1;15:29:00;591
1;15:30:00;589
1;15:31:00;530
1;15:32:00;614
1;15:33:00;610
1;15:34:00;563
1;15:35:00;583
1;15:36:00;630
1;15:37:00;575
1;15:38:00;580
1;15:39:00;608
1;15:40:00;579
1;15:41:00;589
1;15:42:00;549
1;15:43:00;550
1;15:44:00;605
1;15:45:00;557
1;15:46:00;586
1;15:47:00;660
1;15:48:00;608
1;15:49:00;559
1;15:50:00;595
1;15:51:00;575
1;15:52:00;581
1;15:53:00;588
1;15:54:00;587
1;15:55:00;603
1;15:56:00;606
1;15:57:00;621
1;15:58:00;572
1;15:59:00;621
1;16:00:00;574
1;16:01:00;566
1;16:02:00;577
1;16:03:00;574
1;16:04:00;598
1;16:05:00;566
1;16:06:00;555
1;16:07:00;547
1;16:08:00;566
1;16:09:00;617
1;16:10:00;607
1;16:11:00;578
1;16:12:00;567
1;16:13:00;567
1;16:14:00;631
1;16:15:00;610
1;16:16:00;592
1;16:17:00;591
1;16:18:00;587
1;16:19:00;570
1;16:20:00;573
1;16:21:00;626
1;16:22:00;616
1;16:23:00;550
1;16:24:00;579
1;16:25:00;566
1;16:26:00;595
1;16:27:00;562
1;16:28:00;596
1;16:29:00;580
1;16:30:00;590
1;16:31:00;597
1;16:32:00;588
1;16:33:00;568
1;16:34:00;614
1;16:35:00;612
1;16:36:00;617
1;16:37:00;632
1;16:38:00;614
1;16:39:00;606
1;16:40:00;572
1;16:41:00;599
1;16:42:00;585
1;16:43:00;600
1;16:44:00;597
1;16:45:00;679
1;16:46:00;591
1;16:47:00;564
1;16:48:00;579
1;16:49:00;588
1;16:50:00;594
1;16:51:00;564
1;16:52:00;593
1;16:53:00;597
1;16:54:00;628
1;16:55:00;612
1;16:56:00;571
1;16:57:00;565
1;16:58:00;597
1;16:59:00;603
1;17:00:00;594
1;17:01:00;573
1;17:02:00;597
1;17:03:00;587
1;17:04:00;565
1;17:05:00;576
1;17:06:00;591
1;17:07:00;637
1;17:08:00;589
1;17:09:00;607
1;17:10:00;613
1;17:11:00;628
1;17:12:00;562
1;17:13:00;621
1;17:14:00;607
1;17:15:00;607
1;17:16:00;579
1;17:17:00;610
1;17:18:00;571
1;17:19:00;598
1;17:20:00;611
1;17:21:00;596
1;17:22:00;588
1;17:23:00;610
1;17:24:00;634
1;17:25:00;595
1;17:26:00;589
1;17:27:00;583
1;17:28:00;587
1;17:29:00;604
1;17:30:00;585
1;17:31:00;617
1;17:32:00;578
1;17:33:00;654
1;17:34:00;644
1;17:35:00;600
1;17:36:00;690
1;17:37:00;653
1;17:38:00;583
1;17:39:00;601
1;17:40:00;615
1;17:41:00;585
1;17:42:00;618
1;17:43:00;605
1;17:44:00;601
1;17:45:00;564
1;17:46:00;600
1;17:47:00;593
1;17:48:00;602
1;17:49:00;590
1;17:50:00;595
1;17:51:00;579
1;17:52:00;575
1;17:53:00;577
1;17:54:00;614
1;17:55:00;577
1;17:56:00;600
1;17:57:00;595
1;17:58:00;644
1;17:59:00;638
1;18:00:00;588
1;18:01:00;596
1;18:02:00;680
1;18:03:00;750
1;18:04:00;625
1;18:05:00;618
1;18:06:00;581
1;18:07:00;579
1;18:08:00;605
1;18:09:00;604
1;18:10:00;573
1;18:11:00;635
1;18:12:00;614
1;18:13:00;599
1;18:14:00;572
1;18:15:00;602
1;18:16:00;592
1;18:17:00;564
1;18:18:00;635
1;18:19:00;626
1;18:20:00;612
1;18:21:00;596
1;18:22:00;621
1;18:23:00;600
1;18:24:00;632
1;18:25:00;590
1;18:26:00;616
1;18:27:00;597
1;18:28:00;576
1;18:29:00;591
1;18:30:00;578
1;18:31:00;618
1;18:32:00;581
1;18:33:00;614
1;18:34:00;647
1;18:35:00;580
1;18:36:00;583
1;18:37:00;586
1;18:38:00;642
1;18:39:00;608
1;18:40:00;586
1;18:41:00;593
1;18:42:00;615
1;18:43:00;630
1;18:44:00;612
1;18:45:00;594
1;18:46:00;603
1;18:47:00;587
1;18:48:00;621
1;18:49:00;596
1;18:50:00;611
1;18:51:00;626
1;18:52:00;643
1;18:53:00;617
1;18:54:00;601
1;18:55:00;601
1;18:56:00;591
1;18:57:00;609
1;18:58:00;610
1;18:59:00;615
1;19:00:00;588
1;19:01:00;574
1;19:02:00;612
1;19:03:00;615
1;19:04:00;645
1;19:05:00;647
1;19:06:00;644
1;19:07:00;634
1;19:08:00;661
1;19:09:00;613
1;19:10:00;626
1;19:11:00;607
1;19:12:00;601
1;19:13:00;627
1;19:14:00;606
1;19:15:00;594
1;19:16:00;598
1;19:17:00;618
1;19:18:00;606
1;19:19:00;593
1;19:20:00;598
1;19:21:00;607
1;19:22:00;597
1;19:23:00;631
1;19:24:00;787
1;19:25:00;614
1;19:26:00;592
1;19:27:00;623
1;19:28:00;595
1;19:29:00;637
1;19:30:00;628
1;19:31:00;608
1;19:32:00;612
1;19:33:00;634
1;19:34:00;601
1;19:35:00;632
1;19:36:00;618
1;19:37:00;612
1;19:38:00;594
1;19:39:00;595
1;19:40:00;587
1;19:41:00;656
1;19:42:00;583
1;19:43:00;612
1;19:44:00;626
1;19:45:00;580
1;19:46:00;604
1;19:47:00;588
1;19:48:00;560
1;19:49:00;554
1;19:50:00;562
1;19:51:00;587
1;19:52:00;578
1;19:53:00;629
1;19:54:00;585
1;19:55:00;601
1;19:56:00;607
1;19:57:00;631
1;19:58:00;588
1;19:59:00;605
1;20:00:00;599
1;20:01:00;609
1;20:02:00;608
1;20:03:00;627
1;20:04:00;591
1;20:05:00;627
1;20:06:00;719
1;20:07:00;585
1;20:08:00;597
1;20:09:00;594
1;20:10:00;622
1;20:11:00;608
1;20:12:00;603
1;20:13:00;596
1;20:14:00;611
1;20:15:00;595
1;20:16:00;613
1;20:17:00;688
1;20:18:00;602
1;20:19:00;638
1;20:20:00;618
1;20:21:00;630
1;20:22:00;597
1;20:23:00;600
1;20:24:00;598
1;20:25:00;612
1;20:26:00;598
1;20:27:00;598
1;20:28:00;588
1;20:29:00;580
1;20:30:00;594
1;20:31:00;590
1;20:32:00;586
1;20:33:00;614
1;20:34:00;627
1;20:35:00;607
1;20:36:00;593
1;20:37:00;597
1;20:38:00;609
1;20:39:00;619
1;20:40:00;632
1;20:41:00;634
1;20:42:00;623
1;20:43:00;593
1;20:44:00;594
1;20:45:00;583
1;20:46:00;610
1;20:47:00;594
1;20:48:00;605
1;20:49:00;600
1;20:50:00;613
1;20:51:00;657
1;20:52:00;593
1;20:53:00;619
1;20:54:00;585
1;20:55:00;601
1;20:56:00;595
1;20:57:00;605
1;20:58:00;589
1;20:59:00;602
1;21:00:00;608
1;21:01:00;599
1;21:02:00;597
1;21:03:00;617
1;21:04:00;587
1;21:05:00;614
1;21:06:00;611
1;21:07:00;692
1;21:08:00;651
1;21:09:00;607
1;21:10:00;586
1;21:11:00;597
1;21:12:00;591
1;21:13:00;606
1;21:14:00;586
1;21:15:00;593
1;21:16:00;581
1;21:17:00;603
1;21:18:00;594
1;21:19:00;606
1;21:20:00;619
1;21:21:00;603
1;21:22:00;621
1;21:23:00;624
1;21:24:00;648
1;21:25:00;664
1;21:26:00;650
1;21:27:00;643
1;21:28:00;629
1;21:29:00;659
1;21:30:00;610
1;21:31:00;614
1;21:32:00;610
1;21:33:00;625
1;21:34:00;603
1;21:35:00;610
1;21:36:00;606
1;21:37:00;618
1;21:38:00;616
1;21:39:00;614
1;21:40:00;684
1;21:41:00;608
1;21:42:00;606
1;21:43:00;610
1;21:44:00;601
1;21:45:00;602
1;21:46:00;594
1;21:47:00;589
1;21:48:00;599
1;21:49:00;636
1;21:50:00;601
1;21:51:00;613
1;21:52:00;596
1;21:53:00;611
1;21:54:00;793
1;21:55:00;601
1;21:56:00;629
1;21:57:00;596
1;21:58:00;592
1;21:59:00;594
1;22:00:00;620
1;22:01:00;623
1;22:02:00;627
1;22:03:00;623
1;22:04:00;650
1;22:05:00;602
1;22:06:00;607
1;22:07:00;600
1;22:08:00;597
1;22:09:00;615
1;22:10:00;662
1;22:11:00;589
1;22:12:00;639
1;22:13:00;633
1;22:14:00;624
1;22:15:00;647
1;22:16:00;647
1;22:17:00;622
1;22:18:00;602
1;22:19:00;601
1;22:20:00;652
1;22:21:00;627
1;22:22:00;686
1;22:23:00;638
1;22:24:00;659
1;22:25:00;645
1;22:26:00;621
1;22:27:00;617
1;22:28:00;660
1;22:29:00;618
1;22:30:00;616
1;22:31:00;615
1;22:32:00;604
1;22:33:00;611
1;22:34:00;622
1;22:35:00;609
1;22:36:00;628
1;22:37:00;632
1;22:38:00;631
1;22:39:00;638
1;22:40:00;625
1;22:41:00;616
1;22:42:00;652
1;22:43:00;666
1;22:44:00;640
1;22:45:00;633
1;22:46:00;627
1;22:47:00;625
1;22:48:00;629
1;22:49:00;705
1;22:50:00;639
1;22:51:00;627
1;22:52:00;655
1;22:53:00;719
1;22:54:00;648
1;22:55:00;645
1;22:56:00;672
1;22:57:00;626
1;22:58:00;625
1;22:59:00;636
1;23:00:00;634
1;23:01:00;650
1;23:02:00;656
1;23:03:00;650
1;23:04:00;667
1;23:05:00;734
1;23:06:00;649
1;23:07:00;639
1;23:08:00;632
1;23:09:00;657
1;23:10:00;620
1;23:11:00;619
1;23:12:00;614
1;23:13:00;625
1;23:14:00;617
1;23:15:00;641
1;23:16:00;620
1;23:17:00;623
1;23:18:00;624
1;23:19:00;649
1;23:20:00;632
1;23:21:00;619
1;23:22:00;644
1;23:23:00;683
1;23:24:00;641
1;23:25:00;614
1;23:26:00;614
1;23:27:00;610
1;23:28:00;615
1;23:29:00;684
1;23:30:00;623
1;23:31:00;645
1;23:32:00;642
1;23:33:00;634
1;23:34:00;618
1;23:35:00;634
1;23:36:00;643
1;23:37:00;622
1;23:38:00;648
1;23:39:00;617
1;23:40:00;636
1;23:41:00;628
1;23:42:00;599
1;23:43:00;618
1;23:44:00;623
1;23:45:00;636
1;23:46:00;663
1;23:47:00;639
1;23:48:00;640
1;23:49:00;666
1;23:50:00;635
1;23:51:00;609
1;23:52:00;636
1;23:53:00;635
1;23:54:00;619
1;23:55:00;658
1;23:56:00;660
1;23:57:00;682
1;23:58:00;668
1;23:59:00;644
2;0:00:00;650
2;0:01:00;675
2;0:02:00;702
2;0:03:00;686
2;0:04:00;699
2;0:05:00;725
2;0:06:00;676
2;0:07:00;667
2;0:08:00;684
2;0:09:00;682
2;0:10:00;709
2;0:11:00;809
2;0:12:00;702
2;0:13:00;647
2;0:14:00;665
2;0:15:00;674
2;0:16:00;673
2;0:17:00;653
2;0:18:00;673
2;0:19:00;697
2;0:20:00;720
2;0:21:00;721
2;0:22:00;703
2;0:23:00;705
2;0:24:00;683
2;0:25:00;680
2;0:26:00;637
2;0:27:00;655
2;0:28:00;661
2;0:29:00;673
2;0:30:00;684
2;0:31:00;664
2;0:32:00;659
2;0:33:00;688
2;0:34:00;670
2;0:35:00;681
2;0:36:00;686
2;0:37:00;681
2;0:38:00;703
2;0:39:00;700
2;0:40:00;698
2;0:41:00;679
2;0:42:00;704
2;0:43:00;685
2;0:44:00;644
2;0:45:00;644
2;0:46:00;640
2;0:47:00;665
2;0:48:00;633
2;0:49:00;652
2;0:50:00;653
2;0:51:00;646
2;0:52:00;660
2;0:53:00;626
2;0:54:00;668
2;0:55:00;639
2;0:56:00;637
2;0:57:00;616
2;0:58:00;605
2;0:59:00;624
2;1:00:00;591
2;1:01:00;635
2;1:02:00;607
2;1:03:00;588
2;1:04:00;612
2;1:05:00;622
2;1:06:00;613
2;1:07:00;563
2;1:08:00;594
2;1:09:00;586
2;1:10:00;542
2;1:11:00;590
2;1:12:00;621
2;1:13:00;589
2;1:14:00;581
2;1:15:00;553
2;1:16:00;570
2;1:17:00;592
2;1:18:00;610
2;1:19:00;606
2;1:20:00;601
2;1:21:00;643
2;1:22:00;654
2;1:23:00;648
2;1:24:00;633
2;1:25:00;636
2;1:26:00;585
2;1:27:00;615
2;1:28:00;644
2;1:29:00;684
2;1:30:00;647
2;1:31:00;616
2;1:32:00;610
2;1:33:00;627
2;1:34:00;632
2;1:35:00;642
2;1:36:00;573
2;1:37:00;558
2;1:38:00;597
2;1:39:00;589
2;1:40:00;566
2;1:41:00;582
2;1:42:00;602
2;1:43:00;608
2;1:44:00;652
2;1:45:00;706
2;1:46:00;656
2;1:47:00;623
2;1:48:00;613
2;1:49:00;568
2;1:50:00;577
2;1:51:00;581
2;1:52:00;620
2;1:53:00;603
2;1:54:00;683
2;1:55:00;582
2;1:56:00;594
2;1:57:00;586
2;1:58:00;609
2;1:59:00;604
2;2:00:00;607
2;2:01:00;620
2;2:02:00;628
2;2:03:00;616
2;2:04:00;606
2;2:05:00;616
2;2:06:00;602
2;2:07:00;598
2;2:08:00;589
2;2:09:00;612
2;2:10:00;593
2;2:11:00;585
2;2:12:00;587
2;2:13:00;608
2;2:14:00;592
2;2:15:00;600
2;2:16:00;584
2;2:17:00;594
2;2:18:00;594
2;2:19:00;613
2;2:20:00;608
2;2:21:00;640
2;2:22:00;625
2;2:23:00;611
2;2:24:00;632
2;2:25:00;588
2;2:26:00;576
2;2:27:00;588
2;2:28:00;607
2;2:29:00;591
2;2:30:00;595
2;2:31:00;560
2;2:32:00;560
2;2:33:00;605
2;2:34:00;586
2;2:35:00;605
2;2:36:00;578
2;2:37:00;610
2;2:38:00;605
2;2:39:00;603
2;2:40:00;591
2;2:41:00;603
2;2:42:00;658
2;2:43:00;667
2;2:44:00;683
2;2:45:00;656
2;2:46:00;596
2;2:47:00;584
2;2:48:00;616
2;2:49:00;666
2;2:50:00;607
2;2:51:00;592
2;2:52:00;658
2;2:53:00;603
2;2:54:00;644
2;2:55:00;600
2;2:56:00;587
2;2:57:00;605
2;2:58:00;604
2;2:59:00;611
2;3:00:00;606
2;3:01:00;576
2;3:02:00;580
2;3:03:00;585
2;3:04:00;615
2;3:05:00;645
2;3:06:00;623
2;3:07:00;620
2;3:08:00;605
2;3:09:00;650
2;3:10:00;600
2;3:11:00;634
2;3:12:00;670
2;3:13:00;596
2;3:14:00;598
2;3:15:00;626
2;3:16:00;628
2;3:17:00;569
2;3:18:00;619
2;3:19:00;598
2;3:20:00;600
2;3:21:00;614
2;3:22:00;636
2;3:23:00;617
2;3:24:00;617
2;3:25:00;568
2;3:26:00;563
2;3:27:00;542
2;3:28:00;569
2;3:29:00;550
2;3:30:00;600
2;3:31:00;648
2;3:32:00;580
2;3:33:00;627
2;3:34:00;547
2;3:35:00;528
2;3:36:00;562
2;3:37:00;576
2;3:38:00;519
2;3:39:00;581
2;3:40:00;570
2;3:41:00;576
2;3:42:00;536
2;3:43:00;497
2;3:44:00;540
2;3:45:00;519
2;3:46:00;586
2;3:47:00;600
2;3:48:00;548
2;3:49:00;467
2;3:50:00;517
2;3:51:00;655
2;3:52:00;475
2;3:53:00;586
2;3:54:00;522
2;3:55:00;599
2;3:56:00;555
2;3:57:00;473
2;3:58:00;537
2;3:59:00;507
2;4:00:00;561
2;4:01:00;549
2;4:02:00;490
2;4:03:00;492
2;4:04:00;548
2;4:05:00;583
2;4:06:00;549
2;4:07:00;558
2;4:08:00;552
2;4:09:00;564
2;4:10:00;548
2;4:11:00;523
2;4:12:00;511
2;4:13:00;580
2;4:14:00;568
2;4:15:00;579
2;4:16:00;601
2;4:17:00;577
2;4:18:00;590
2;4:19:00;584
2;4:20:00;577
2;4:21:00;595
2;4:22:00;585
2;4:23:00;563
2;4:24:00;604
2;4:25:00;589
2;4:26:00;652
2;4:27:00;561
2;4:28:00;564
2;4:29:00;528
2;4:30:00;474
2;4:31:00;490
2;4:32:00;476
2;4:33:00;491
2;4:34:00;585
2;4:35:00;520
2;4:36:00;524
2;4:37:00;576
2;4:38:00;549
2;4:39:00;573
2;4:40:00;510
2;4:41:00;555
2;4:42:00;520
2;4:43:00;563
2;4:44:00;561
2;4:45:00;523
2;4:46:00;552
2;4:47:00;530
2;4:48:00;571
2;4:49:00;556
2;4:50:00;537
2;4:51:00;520
2;4:52:00;541
2;4:53:00;525
2;4:54:00;586
2;4:55:00;578
2;4:56:00;567
2;4:57:00;551
2;4:58:00;569
2;4:59:00;520
2;5:00:00;521
2;5:01:00;534
2;5:02:00;494
2;5:03:00;561
2;5:04:00;540
2;5:05:00;496
2;5:06:00;549
2;5:07:00;577
2;5:08:00;519
2;5:09:00;490
2;5:10:00;574
2;5:11:00;578
2;5:12:00;601
2;5:13:00;645
2;5:14:00;585
2;5:15:00;518
2;5:16:00;501
2;5:17:00;532
2;5:18:00;518
2;5:19:00;578
2;5:20:00;467
2;5:21:00;552
2;5:22:00;575
2;5:23:00;523
2;5:24:00;563
2;5:25:00;574
2;5:26:00;538
2;5:27:00;498
2;5:28:00;572
2;5:29:00;529
2;5:30:00;686
2;5:31:00;529
2;5:32:00;525
2;5:33:00;571
2;5:34:00;520
2;5:35:00;589
2;5:36:00;526
2;5:37:00;540
2;5:38:00;528
2;5:39:00;615
2;5:40:00;598
2;5:41:00;634
2;5:42:00;690
2;5:43:00;713
2;5:44:00;735
2;5:45:00;696
2;5:46:00;693
2;5:47:00;685
2;5:48:00;704
2;5:49:00;725
2;5:50:00;768
2;5:51:00;755
2;5:52:00;743
2;5:53:00;665
2;5:54:00;678
2;5:55:00;648
2;5:56:00;641
2;5:57:00;662
2;5:58:00;670
2;5:59:00;700
2;6:00:00;747
2;6:01:00;751
2;6:02:00;710
2;6:03:00;652
2;6:04:00;657
2;6:05:00;622
2;6:06:00;619
2;6:07:00;639
2;6:08:00;613
2;6:09:00;611
2;6:10:00;626
2;6:11:00;599
2;6:12:00;545
2;6:13:00;589
2;6:14:00;586
2;6:15:00;633
2;6:16:00;585
2;6:17:00;697
2;6:18:00;585
2;6:19:00;599
2;6:20:00;589
2;6:21:00;572
2;6:22:00;619
2;6:23:00;597
2;6:24:00;589
2;6:25:00;609
2;6:26:00;696
2;6:27:00;603
2;6:28:00;616
2;6:29:00;579
2;6:30:00;570
2;6:31:00;555
2;6:32:00;524
2;6:33:00;576
2;6:34:00;686
2;6:35:00;548
2;6:36:00;562
2;6:37:00;616
2;6:38:00;637
2;6:39:00;594
2;6:40:00;577
2;6:41:00;599
2;6:42:00;565
2;6:43:00;578
2;6:44:00;569
2;6:45:00;588
2;6:46:00;577
2;6:47:00;570
2;6:48:00;742
2;6:49:00;635
2;6:50:00;619
2;6:51:00;645
2;6:52:00;577
2;6:53:00;579
2;6:54:00;597
2;6:55:00;626
2;6:56:00;577
2;6:57:00;609
2;6:58:00;605
2;6:59:00;615
2;7:00:00;626
2;7:01:00;609
2;7:02:00;644
2;7:03:00;622
2;7:04:00;612
2;7:05:00;632
2;7:06:00;672
2;7:07:00;624
2;7:08:00;640
2;7:09:00;643
2;7:10:00;598
2;7:11:00;586
2;7:12:00;572
2;7:13:00;582
2;7:14:00;645
2;7:15:00;649
2;7:16:00;647
2;7:17:00;674
2;7:18:00;578
2;7:19:00;584
2;7:20:00;619
2;7:21:00;639
2;7:22:00;611
2;7:23:00;635
2;7:24:00;618
2;7:25:00;661
2;7:26:00;619
2;7:27:00;568
2;7:28:00;573
2;7:29:00;567
2;7:30:00;597
2;7:31:00;622
2;7:32:00;623
2;7:33:00;600
2;7:34:00;583
2;7:35:00;621
2;7:36:00;590
2;7:37:00;601
2;7:38:00;585
2;7:39:00;610
2;7:40:00;636
2;7:41:00;569
2;7:42:00;612
2;7:43:00;611
2;7:44:00;584
2;7:45:00;627
2;7:46:00;634
2;7:47:00;636
2;7:48:00;585
2;7:49:00;654
2;7:50:00;597
2;7:51:00;576
2;7:52:00;622
2;7:53:00;607
2;7:54:00;633
2;7:55:00;639
2;7:56:00;633
2;7:57:00;633
2;7:58:00;595
2;7:59:00;617
2;8:00:00;660
2;8:01:00;604
2;8:02:00;600
2;8:03:00;599
2;8:04:00;622
2;8:05:00;666
2;8:06:00;606
2;8:07:00;583
2;8:08:00;599
2;8:09:00;604
2;8:10:00;601
2;8:11:00;628
2;8:12:00;646
2;8:13:00;650
2;8:14:00;617
2;8:15:00;620
2;8:16:00;598
2;8:17:00;627
2;8:18:00;639
2;8:19:00;615
2;8:20:00;625
2;8:21:00;628
2;8:22:00;641
2;8:23:00;643
2;8:24:00;640
2;8:25:00;603
2;8:26:00;632
2;8:27:00;690
2;8:28:00;681
2;8:29:00;823
2;8:30:00;747
2;8:31:00;709
2;8:32:00;651
2;8:33:00;619
2;8:34:00;605
2;8:35:00;621
2;8:36:00;626
2;8:37:00;572
2;8:38:00;630
2;8:39:00;636
2;8:40:00;600
2;8:41:00;579
2;8:42:00;633
2;8:43:00;633
2;8:44:00;656
2;8:45:00;624
2;8:46:00;636
2;8:47:00;687
2;8:48:00;658
2;8:49:00;643
2;8:50:00;599
2;8:51:00;639
2;8:52:00;656
2;8:53:00;661
2;8:54:00;639
2;8:55:00;656
2;8:56:00;600
2;8:57:00;625
2;8:58:00;671
2;8:59:00;649
2;9:00:00;634
2;9:01:00;631
2;9:02:00;649
2;9:03:00;680
2;9:04:00;636
2;9:05:00;649
2;9:06:00;654
2;9:07:00;622
2;9:08:00;680
2;9:09:00;634
2;9:10:00;659
2;9:11:00;667
2;9:12:00;668
2;9:13:00;663
2;9:14:00;633
2;9:15:00;653
2;9:16:00;656
2;9:17:00;640
2;9:18:00;654
2;9:19:00;657
2;9:20:00;665
2;9:21:00;644
2;9:22:00;671
2;9:23:00;653
2;9:24:00;642
2;9:25:00;661
2;9:26:00;678
2;9:27:00;674
2;9:28:00;663
2;9:29:00;653
2;9:30:00;657
2;9:31:00;680
2;9:32:00;684
2;9:33:00;666
2;9:34:00;661
2;9:35:00;641
2;9:36:00;644
2;9:37:00;647
2;9:38:00;631
2;9:39:00;625
2;9:40:00;652
2;9:41:00;645
2;9:42:00;657
2;9:43:00;627
2;9:44:00;622
2;9:45:00;646
2;9:46:00;651
2;9:47:00;650
2;9:48:00;650
2;9:49:00;641
2;9:50:00;618
2;9:51:00;625
2;9:52:00;620
2;9:53:00;647
2;9:54:00;665
2;9:55:00;646
2;9:56:00;640
2;9:57:00;678
2;9:58:00;639
2;9:59:00;639
2;10:00:00;665
2;10:01:00;631
2;10:02:00;660
2;10:03:00;648
2;10:04:00;657
2;10:05:00;628
2;10:06:00;636
2;10:07:00;660
2;10:08:00;651
2;10:09:00;665
2;10:10:00;638
2;10:11:00;608
2;10:12:00;656
2;10:13:00;657
2;10:14:00;655
2;10:15:00;661
2;10:16:00;646
2;10:17:00;646
2;10:18:00;612
2;10:19:00;660
2;10:20:00;641
2;10:21:00;640
2;10:22:00;637
2;10:23:00;639
2;10:24:00;638
2;10:25:00;647
2;10:26:00;645
2;10:27:00;593
2;10:28:00;630
2;10:29:00;648
2;10:30:00;620
2;10:31:00;657
2;10:32:00;633
2;10:33:00;609
2;10:34:00;656
2;10:35:00;648
2;10:36:00;640
2;10:37:00;627
2;10:38:00;635
2;10:39:00;622
2;10:40:00;616
2;10:41:00;623
2;10:42:00;586
2;10:43:00;599
2;10:44:00;677
2;10:45:00;611
2;10:46:00;623
2;10:47:00;638
2;10:48:00;648
2;10:49:00;630
2;10:50:00;630
2;10:51:00;648
2;10:52:00;645
2;10:53:00;669
2;10:54:00;650
2;10:55:00;654
2;10:56:00;595
2;10:57:00;602
2;10:58:00;659
2;10:59:00;616
2;11:00:00;630
2;11:01:00;665
2;11:02:00;584
2;11:03:00;674
2;11:04:00;594
2;11:05:00;598
2;11:06:00;687
2;11:07:00;631
2;11:08:00;657
2;11:09:00;638
2;11:10:00;638
2;11:11:00;621
2;11:12:00;623
2;11:13:00;617
2;11:14:00;656
2;11:15:00;628
2;11:16:00;654
2;11:17:00;606
2;11:18:00;616
2;11:19:00;616
2;11:20:00;608
2;11:21:00;599
2;11:22:00;610
2;11:23:00;627
2;11:24:00;612
2;11:25:00;639
2;11:26:00;603
2;11:27:00;613
2;11:28:00;639
2;11:29:00;611
2;11:30:00;617
2;11:31:00;597
2;11:32:00;580
2;11:33:00;670
2;11:34:00;638
2;11:35:00;643
2;11:36:00;631
2;11:37:00;665
2;11:38:00;640
2;11:39:00;657
2;11:40:00;642
2;11:41:00;627
2;11:42:00;587
2;11:43:00;622
2;11:44:00;650
2;11:45:00;642
2;11:46:00;670
2;11:47:00;659
2;11:48:00;664
2;11:49:00;652
2;11:50:00;642
2;11:51:00;667
2;11:52:00;619
2;11:53:00;679
2;11:54:00;623
2;11:55:00;723
2;11:56:00;632
2;11:57:00;581
2;11:58:00;620
2;11:59:00;662
2;12:00:00;620
2;12:01:00;686
2;12:02:00;625
2;12:03:00;609
2;12:04:00;652
2;12:05:00;666
2;12:06:00;644
2;12:07:00;646
2;12:08:00;619
2;12:09:00;624
2;12:10:00;635
2;12:11:00;604
2;12:12:00;631
2;12:13:00;568
2;12:14:00;639
2;12:15:00;588
2;12:16:00;579
2;12:17:00;621
2;12:18:00;644
2;12:19:00;636
2;12:20:00;597
2;12:21:00;617
2;12:22:00;573
2;12:23:00;632
2;12:24:00;570
2;12:25:00;574
2;12:26:00;592
2;12:27:00;593
2;12:28:00;581
2;12:29:00;606
2;12:30:00;601
2;12:31:00;642
2;12:32:00;658
2;12:33:00;628
2;12:34:00;593
2;12:35:00;592
2;12:36:00;592
2;12:37:00;617
2;12:38:00;586
2;12:39:00;602
2;12:40:00;658
2;12:41:00;637
2;12:42:00;675
2;12:43:00;619
2;12:44:00;727
2;12:45:00;617
2;12:46:00;632
2;12:47:00;636
2;12:48:00;566
2;12:49:00;621
2;12:50:00;655
2;12:51:00;616
2;12:52:00;605
2;12:53:00;624
2;12:54:00;626
2;12:55:00;601
2;12:56:00;614
2;12:57:00;642
2;12:58:00;614
2;12:59:00;633
2;13:00:00;616
2;13:01:00;604
2;13:02:00;685
2;13:03:00;615
2;13:04:00;630
2;13:05:00;623
2;13:06:00;634
2;13:07:00;629
2;13:08:00;657
2;13:09:00;619
2;13:10:00;664
2;13:11:00;637
2;13:12:00;630
2;13:13:00;632
2;13:14:00;710
2;13:15:00;643
2;13:16:00;595
2;13:17:00;643
2;13:18:00;625
2;13:19:00;631
2;13:20:00;625
2;13:21:00;660
2;13:22:00;668
2;13:23:00;669
2;13:24:00;596
2;13:25:00;588
2;13:26:00;629
2;13:27:00;634
2;13:28:00;575
2;13:29:00;620
2;13:30:00;627
2;13:31:00;664
2;13:32:00;659
2;13:33:00;652
2;13:34:00;667
2;13:35:00;616
2;13:36:00;637
2;13:37:00;633
2;13:38:00;631
2;13:39:00;638
2;13:40:00;611
2;13:41:00;627
2;13:42:00;590
2;13:43:00;641
2;13:44:00;621
2;13:45:00;646
2;13:46:00;609
2;13:47:00;609
2;13:48:00;617
2;13:49:00;637
2;13:50:00;664
2;13:51:00;601
2;13:52:00;625
2;13:53:00;610
2;13:54:00;613
2;13:55:00;651
2;13:56:00;628
2;13:57:00;645
2;13:58:00;652
2;13:59:00;587
2;14:00:00;614
2;14:01:00;603
2;14:02:00;635
2;14:03:00;580
2;14:04:00;597
2;14:05:00;593
2;14:06:00;620
2;14:07:00;612
2;14:08:00;584
2;14:09:00;660
2;14:10:00;632
2;14:11:00;623
2;14:12:00;641
2;14:13:00;628
2;14:14:00;647
2;14:15:00;606
2;14:16:00;598
2;14:17:00;610
2;14:18:00;572
2;14:19:00;596
2;14:20:00;598
2;14:21:00;621
2;14:22:00;629
2;14:23:00;652
2;14:24:00;672
2;14:25:00;635
2;14:26:00;590
2;14:27:00;599
2;14:28:00;620
2;14:29:00;639
2;14:30:00;634
2;14:31:00;593
2;14:32:00;605
2;14:33:00;617
2;14:34:00;660
2;14:35:00;622
2;14:36:00;641
2;14:37:00;633
2;14:38:00;647
2;14:39:00;624
2;14:40:00;628
2;14:41:00;628
2;14:42:00;626
2;14:43:00;644
2;14:44:00;628
2;14:45:00;651
2;14:46:00;637
2;14:47:00;639
2;14:48:00;623
2;14:49:00;649
2;14:50:00;676
2;14:51:00;621
2;14:52:00;617
2;14:53:00;639
2;14:54:00;621
2;14:55:00;629
2;14:56:00;646
2;14:57:00;647
2;14:58:00;606
2;14:59:00;636
2;15:00:00;661
2;15:01:00;696
2;15:02:00;716
2;15:03:00;676
2;15:04:00;707
2;15:05:00;664
2;15:06:00;668
2;15:07:00;675
2;15:08:00;629
2;15:09:00;632
2;15:10:00;631
2;15:11:00;635
2;15:12:00;611
2;15:13:00;622
2;15:14:00;626
2;15:15:00;666
2;15:16:00;653
2;15:17:00;672
2;15:18:00;623
2;15:19:00;597
2;15:20:00;621
2;15:21:00;625
2;15:22:00;649
2;15:23:00;647
2;15:24:00;645
2;15:25:00;673
2;15:26:00;629
2;15:27:00;637
2;15:28:00;611
2;15:29:00;618
2;15:30:00;585
2;15:31:00;575
2;15:32:00;633
2;15:33:00;624
2;15:34:00;737
2;15:35:00;617
2;15:36:00;592
2;15:37:00;591
2;15:38:00;632
2;15:39:00;628
2;15:40:00;592
2;15:41:00;594
2;15:42:00;632
2;15:43:00;666
2;15:44:00;613
2;15:45:00;620
2;15:46:00;637
2;15:47:00;637
2;15:48:00;629
2;15:49:00;616
2;15:50:00;656
2;15:51:00;645
2;15:52:00;626
2;15:53:00;634
2;15:54:00;599
2;15:55:00;580
2;15:56:00;602
2;15:57:00;630
2;15:58:00;651
2;15:59:00;621
2;16:00:00;601
2;16:01:00;607
2;16:02:00;638
2;16:03:00;614
2;16:04:00;609
2;16:05:00;623
2;16:06:00;621
2;16:07:00;611
2;16:08:00;641
2;16:09:00;614
2;16:10:00;657
2;16:11:00;654
2;16:12:00;665
2;16:13:00;610
2;16:14:00;612
2;16:15:00;627
2;16:16:00;687
2;16:17:00;609
2;16:18:00;637
2;16:19:00;629
2;16:20:00;634
2;16:21:00;671
2;16:22:00;633
2;16:23:00;632
2;16:24:00;599
2;16:25:00;629
2;16:26:00;673
2;16:27:00;654
2;16:28:00;626
2;16:29:00;649
2;16:30:00;618
2;16:31:00;623
2;16:32:00;634
2;16:33:00;605
2;16:34:00;609
2;16:35:00;603
2;16:36:00;614
2;16:37:00;600
2;16:38:00;631
2;16:39:00;636
2;16:40:00;646
2;16:41:00;609
2;16:42:00;649
2;16:43:00;618
2;16:44:00;617
2;16:45:00;628
2;16:46:00;656
2;16:47:00;652
2;16:48:00;632
2;16:49:00;638
2;16:50:00;647
2;16:51:00;637
2;16:52:00;620
2;16:53:00;631
2;16:54:00;623
2;16:55:00;635
2;16:56:00;637
2;16:57:00;651
2;16:58:00;651
2;16:59:00;657
2;17:00:00;662
2;17:01:00;666
2;17:02:00;626
2;17:03:00;660
2;17:04:00;667
2;17:05:00;669
2;17:06:00;653
2;17:07:00;716
2;17:08:00;684
2;17:09:00;659
2;17:10:00;626
2;17:11:00;672
2;17:12:00;679
2;17:13:00;659
2;17:14:00;644
2;17:15:00;644
2;17:16:00;651
2;17:17:00;661
2;17:18:00;645
2;17:19:00;643
2;17:20:00;700
2;17:21:00;659
2;17:22:00;685
2;17:23:00;657
2;17:24:00;644
2;17:25:00;661
2;17:26:00;634
2;17:27:00;638
2;17:28:00;652
2;17:29:00;643
2;17:30:00;649
2;17:31:00;662
2;17:32:00;647
2;17:33:00;664
2;17:34:00;637
2;17:35:00;662
2;17:36:00;640
2;17:37:00;649
2;17:38:00;633
2;17:39:00;672
2;17:40:00;626
2;17:41:00;623
2;17:42:00;621
2;17:43:00;644
2;17:44:00;652
2;17:45:00;663
2;17:46:00;673
2;17:47:00;680
2;17:48:00;619
2;17:49:00;606
2;17:50:00;633
2;17:51:00;627
2;17:52:00;623
2;17:53:00;651
2;17:54:00;624
2;17:55:00;654
2;17:56:00;656
2;17:57:00;630
2;17:58:00;620
2;17:59:00;616
2;18:00:00;648
2;18:01:00;619
2;18:02:00;646
2;18:03:00;664
2;18:04:00;631
2;18:05:00;621
2;18:06:00;635
2;18:07:00;636
2;18:08:00;614
2;18:09:00;718
2;18:10:00;658
2;18:11:00;643
2;18:12:00;645
2;18:13:00;634
2;18:14:00;636
2;18:15:00;654
2;18:16:00;663
2;18:17:00;630
2;18:18:00;634
2;18:19:00;647
2;18:20:00;643
2;18:21:00;633
2;18:22:00;644
2;18:23:00;645
2;18:24:00;638
2;18:25:00;658
2;18:26:00;622
2;18:27:00;639
2;18:28:00;630
2;18:29:00;609
2;18:30:00;634
2;18:31:00;621
2;18:32:00;638
2;18:33:00;635
2;18:34:00;654
2;18:35:00;628
2;18:36:00;653
2;18:37:00;643
2;18:38:00;624
2;18:39:00;648
2;18:40:00;651
2;18:41:00;644
2;18:42:00;642
2;18:43:00;654
2;18:44:00;644
2;18:45:00;652
2;18:46:00;651
2;18:47:00;630
2;18:48:00;664
2;18:49:00;662
2;18:50:00;669
2;18:51:00;666
2;18:52:00;652
2;18:53:00;656
2;18:54:00;662
2;18:55:00;648
2;18:56:00;612
2;18:57:00;630
2;18:58:00;641
2;18:59:00;650
2;19:00:00;690
2;19:01:00;648
2;19:02:00;639
2;19:03:00;662
2;19:04:00;642
2;19:05:00;638
2;19:06:00;627
2;19:07:00;700
2;19:08:00;619
2;19:09:00;628
2;19:10:00;624
2;19:11:00;619
2;19:12:00;661
2;19:13:00;652
2;19:14:00;635
2;19:15:00;634
2;19:16:00;638
2;19:17:00;652
2;19:18:00;622
2;19:19:00;625
2;19:20:00;617
2;19:21:00;639
2;19:22:00;612
2;19:23:00;617
2;19:24:00;653
2;19:25:00;636
2;19:26:00;607
2;19:27:00;645
2;19:28:00;624
2;19:29:00;633
2;19:30:00;623
2;19:31:00;633
2;19:32:00;649
2;19:33:00;629
2;19:34:00;644
2;19:35:00;664
2;19:36:00;640
2;19:37:00;641
2;19:38:00;663
2;19:39:00;617
2;19:40:00;651
2;19:41:00;648
2;19:42:00;628
2;19:43:00;625
2;19:44:00;613
2;19:45:00;614
2;19:46:00;611
2;19:47:00;622
2;19:48:00;625
2;19:49:00;608
2;19:50:00;626
2;19:51:00;628
2;19:52:00;628
2;19:53:00;643
2;19:54:00;637
2;19:55:00;642
2;19:56:00;645
2;19:57:00;642
2;19:58:00;632
2;19:59:00;630
2;20:00:00;639
2;20:01:00;627
2;20:02:00;625
2;20:03:00;615
2;20:04:00;602
2;20:05:00;617
2;20:06:00;618
2;20:07:00;595
2;20:08:00;602
2;20:09:00;585
2;20:10:00;620
2;20:11:00;619
2;20:12:00;606
2;20:13:00;584
2;20:14:00;603
2;20:15:00;602
2;20:16:00;615
2;20:17:00;610
2;20:18:00;604
2;20:19:00;608
2;20:20:00;629
2;20:21:00;627
2;20:22:00;640
2;20:23:00;668
2;20:24:00;613
2;20:25:00;622
2;20:26:00;626
2;20:27:00;598
2;20:28:00;587
2;20:29:00;573
2;20:30:00;605
2;20:31:00;595
2;20:32:00;570
2;20:33:00;596
2;20:34:00;612
2;20:35:00;605
2;20:36:00;627
2;20:37:00;641
2;20:38:00;626
2;20:39:00;611
2;20:40:00;611
2;20:41:00;609
2;20:42:00;622
2;20:43:00;611
2;20:44:00;619
2;20:45:00;644
2;20:46:00;625
2;20:47:00;592
2;20:48:00;610
2;20:49:00;613
2;20:50:00;628
2;20:51:00;614
2;20:52:00;646
2;20:53:00;633
2;20:54:00;601
2;20:55:00;693
2;20:56:00;616
2;20:57:00;629
2;20:58:00;655
2;20:59:00;615
2;21:00:00;647
2;21:01:00;651
2;21:02:00;622
2;21:03:00;593
2;21:04:00;601
2;21:05:00;627
2;21:06:00;637
2;21:07:00;643
2;21:08:00;668
2;21:09:00;634
2;21:10:00;615
2;21:11:00;605
2;21:12:00;620
2;21:13:00;602
2;21:14:00;666
2;21:15:00;636
2;21:16:00;613
2;21:17:00;633
2;21:18:00;615
2;21:19:00;617
2;21:20:00;616
2;21:21:00;606
2;21:22:00;607
2;21:23:00;600
2;21:24:00;620
2;21:25:00;646
2;21:26:00;646
2;21:27:00;637
2;21:28:00;669
2;21:29:00;641
2;21:30:00;642
2;21:31:00;645
2;21:32:00;628
2;21:33:00;630
2;21:34:00;631
2;21:35:00;619
2;21:36:00;630
2;21:37:00;700
2;21:38:00;684
2;21:39:00;686
2;21:40:00;695
2;21:41:00;678
2;21:42:00;678
2;21:43:00;680
2;21:44:00;674
2;21:45:00;635
2;21:46:00;649
2;21:47:00;652
2;21:48:00;661
2;21:49:00;673
2;21:50:00;667
2;21:51:00;655
2;21:52:00;662
2;21:53:00;647
2;21:54:00;652
2;21:55:00;657
2;21:56:00;644
2;21:57:00;640
2;21:58:00;647
2;21:59:00;661
2;22:00:00;654
2;22:01:00;650
2;22:02:00;648
2;22:03:00;637
2;22:04:00;658
2;22:05:00;650
2;22:06:00;643
2;22:07:00;669
2;22:08:00;697
2;22:09:00;686
2;22:10:00;670
2;22:11:00;652
2;22:12:00;663
2;22:13:00;678
2;22:14:00;682
2;22:15:00;669
2;22:16:00;649
2;22:17:00;655
2;22:18:00;644
2;22:19:00;661
2;22:20:00;641
2;22:21:00;665
2;22:22:00;650
2;22:23:00;633
2;22:24:00;639
2;22:25:00;662
2;22:26:00;656
2;22:27:00;651
2;22:28:00;648
2;22:29:00;653
2;22:30:00;681
2;22:31:00;670
2;22:32:00;667
2;22:33:00;667
2;22:34:00;673
2;22:35:00;687
2;22:36:00;664
2;22:37:00;680
2;22:38:00;680
2;22:39:00;696
2;22:40:00;683
2;22:41:00;687
2;22:42:00;641
2;22:43:00;696
2;22:44:00;665
2;22:45:00;654
2;22:46:00;642
2;22:47:00;653
2;22:48:00;652
2;22:49:00;646
2;22:50:00;643
2;22:51:00;656
2;22:52:00;655
2;22:53:00;651
2;22:54:00;669
2;22:55:00;652
2;22:56:00;668
2;22:57:00;678
2;22:58:00;672
2;22:59:00;675
2;23:00:00;673
2;23:01:00;661
2;23:02:00;682
2;23:03:00;671
2;23:04:00;710
2;23:05:00;678
2;23:06:00;676
2;23:07:00;675
2;23:08:00;670
2;23:09:00;670
2;23:10:00;676
2;23:11:00;671
2;23:12:00;665
2;23:13:00;656
2;23:14:00;667
2;23:15:00;719
2;23:16:00;667
2;23:17:00;665
2;23:18:00;658
2;23:19:00;660
2;23:20:00;659
2;23:21:00;679
2;23:22:00;679
2;23:23:00;659
2;23:24:00;661
2;23:25:00;667
2;23:26:00;669
2;23:27:00;659
2;23:28:00;668
2;23:29:00;661
2;23:30:00;685
2;23:31:00;667
2;23:32:00;657
2;23:33:00;660
2;23:34:00;682
2;23:35:00;659
2;23:36:00;693
2;23:37:00;699
2;23:38:00;725
2;23:39:00;749
2;23:40:00;705
2;23:41:00;694
2;23:42:00;688
2;23:43:00;695
2;23:44:00;686
2;23:45:00;685
2;23:46:00;682
2;23:47:00;702
2;23:48:00;692
2;23:49:00;685
2;23:50:00;693
2;23:51:00;716
2;23:52:00;694
2;23:53:00;688
2;23:54:00;680
2;23:55:00;684
2;23:56:00;702
2;23:57:00;697
2;23:58:00;658
2;23:59:00;658
3;0:00:00;650
3;0:01:00;646
3;0:02:00;645
3;0:03:00;628
3;0:04:00;619
3;0:05:00;637
3;0:06:00;650
3;0:07:00;720
3;0:08:00;648
3;0:09:00;654
3;0:10:00;670
3;0:11:00;672
3;0:12:00;678
3;0:13:00;659
3;0:14:00;675
3;0:15:00;687
3;0:16:00;659
3;0:17:00;647
3;0:18:00;654
3;0:19:00;649
3;0:20:00;645
3;0:21:00;647
3;0:22:00;627
3;0:23:00;645
3;0:24:00;671
3;0:25:00;660
3;0:26:00;679
3;0:27:00;678
3;0:28:00;679
3;0:29:00;686
3;0:30:00;686
3;0:31:00;686
3;0:32:00;685
3;0:33:00;696
3;0:34:00;680
3;0:35:00;689
3;0:36:00;690
3;0:37:00;699
3;0:38:00;668
3;0:39:00;690
3;0:40:00;705
3;0:41:00;689
3;0:42:00;661
3;0:43:00;695
3;0:44:00;681
3;0:45:00;648
3;0:46:00;673
3;0:47:00;683
3;0:48:00;659
3;0:49:00;692
3;0:50:00;671
3;0:51:00;671
3;0:52:00;680
3;0:53:00;662
3;0:54:00;660
3;0:55:00;667
3;0:56:00;699
3;0:57:00;726
3;0:58:00;731
3;0:59:00;741
3;1:00:00;734
3;1:01:00;736
3;1:02:00;726
3;1:03:00;706
3;1:04:00;702
3;1:05:00;709
3;1:06:00;713
3;1:07:00;692
3;1:08:00;695
3;1:09:00;684
3;1:10:00;683
3;1:11:00;686
3;1:12:00;704
3;1:13:00;725
3;1:14:00;704
3;1:15:00;701
3;1:16:00;712
3;1:17:00;699
3;1:18:00;684
3;1:19:00;699
3;1:20:00;679
3;1:21:00;761
3;1:22:00;737
3;1:23:00;717
3;1:24:00;683
3;1:25:00;806
3;1:26:00;661
3;1:27:00;693
3;1:28:00;688
3;1:29:00;626
3;1:30:00;692
3;1:31:00;720
3;1:32:00;704
3;1:33:00;652
3;1:34:00;634
3;1:35:00;615
3;1:36:00;631
3;1:37:00;613
3;1:38:00;610
3;1:39:00;619
3;1:40:00;634
3;1:41:00;634
3;1:42:00;625
3;1:43:00;644
3;1:44:00;628
3;1:45:00;656
3;1:46:00;635
3;1:47:00;631
3;1:48:00;651
3;1:49:00;654
3;1:50:00;657
3;1:51:00;637
3;1:52:00;655
3;1:53:00;722
3;1:54:00;627
3;1:55:00;652
3;1:56:00;661
3;1:57:00;664
3;1:58:00;669
3;1:59:00;693
3;2:00:00;693
3;2:01:00;719
3;2:02:00;750
3;2:03:00;800
3;2:04:00;803
3;2:05:00;750
3;2:06:00;725
3;2:07:00;696
3;2:08:00;699
3;2:09:00;682
3;2:10:00;714
3;2:11:00;664
3;2:12:00;677
3;2:13:00;655
3;2:14:00;655
3;2:15:00;690
3;2:16:00;674
3;2:17:00;666
3;2:18:00;689
3;2:19:00;706
3;2:20:00;717
3;2:21:00;756
3;2:22:00;762
3;2:23:00;726
3;2:24:00;763
3;2:25:00;715
3;2:26:00;683
3;2:27:00;685
3;2:28:00;656
3;2:29:00;655
3;2:30:00;639
3;2:31:00;631
3;2:32:00;626
3;2:33:00;636
3;2:34:00;604
3;2:35:00;598
3;2:36:00;595
3;2:37:00;593
3;2:38:00;597
3;2:39:00;622
3;2:40:00;620
3;2:41:00;579
3;2:42:00;600
3;2:43:00;576
3;2:44:00;601
3;2:45:00;600
3;2:46:00;593
3;2:47:00;598
3;2:48:00;613
3;2:49:00;628
3;2:50:00;698
3;2:51:00;638
3;2:52:00;738
3;2:53:00;627
3;2:54:00;604
3;2:55:00;602
3;2:56:00;610
3;2:57:00;590
3;2:58:00;603
3;2:59:00;624
3;3:00:00;618
3;3:01:00;591
3;3:02:00;585
3;3:03:00;608
3;3:04:00;590
3;3:05:00;627
3;3:06:00;658
3;3:07:00;630
3;3:08:00;654
3;3:09:00;581
3;3:10:00;595
3;3:11:00;602
3;3:12:00;588
3;3:13:00;572
3;3:14:00;591
3;3:15:00;588
3;3:16:00;582
3;3:17:00;593
3;3:18:00;631
3;3:19:00;628
3;3:20:00;594
3;3:21:00;605
3;3:22:00;575
3;3:23:00;612
3;3:24:00;574
3;3:25:00;605
3;3:26:00;661
3;3:27:00;624
3;3:28:00;616
3;3:29:00;616
3;3:30:00;599
3;3:31:00;631
3;3:32:00;594
3;3:33:00;581
3;3:34:00;606
3;3:35:00;594
3;3:36:00;584
3;3:37:00;567
3;3:38:00;577
3;3:39:00;599
3;3:40:00;592
3;3:41:00;577
3;3:42:00;595
3;3:43:00;596
3;3:44:00;582
3;3:45:00;592
3;3:46:00;596
3;3:47:00;591
3;3:48:00;581
3;3:49:00;613
3;3:50:00;600
3;3:51:00;654
3;3:52:00;612
3;3:53:00;599
3;3:54:00;605
3;3:55:00;586
3;3:56:00;605
3;3:57:00;622
3;3:58:00;626
3;3:59:00;602
3;4:00:00;622
3;4:01:00;628
3;4:02:00;643
3;4:03:00;630
3;4:04:00;682
3;4:05:00;669
3;4:06:00;624
3;4:07:00;601
3;4:08:00;557
3;4:09:00;656
3;4:10:00;560
3;4:11:00;563
3;4:12:00;503
3;4:13:00;517
3;4:14:00;496
3;4:15:00;536
3;4:16:00;601
3;4:17:00;582
3;4:18:00;638
3;4:19:00;637
3;4:20:00;529
3;4:21:00;529
3;4:22:00;554
3;4:23:00;541
3;4:24:00;526
3;4:25:00;526
3;4:26:00;530
3;4:27:00;536
3;4:28:00;523
3;4:29:00;605
3;4:30:00;644
3;4:31:00;566
3;4:32:00;547
3;4:33:00;574
3;4:34:00;540
3;4:35:00;516
3;4:36:00;514
3;4:37:00;551
3;4:38:00;498
3;4:39:00;524
3;4:40:00;513
3;4:41:00;557
3;4:42:00;543
3;4:43:00;528
3;4:44:00;526
3;4:45:00;540
3;4:46:00;536
3;4:47:00;554
3;4:48:00;569
3;4:49:00;505
3;4:50:00;492
3;4:51:00;597
3;4:52:00;506
3;4:53:00;574
3;4:54:00;548
3;4:55:00;551
3;4:56:00;562
3;4:57:00;621
3;4:58:00;584
3;4:59:00;610
3;5:00:00;551
3;5:01:00;537
3;5:02:00;527
3;5:03:00;629
3;5:04:00;588
3;5:05:00;530
3;5:06:00;546
3;5:07:00;576
3;5:08:00;577
3;5:09:00;487
3;5:10:00;479
3;5:11:00;621
3;5:12:00;490
3;5:13:00;517
3;5:14:00;575
3;5:15:00;523
3;5:16:00;506
3;5:17:00;549
3;5:18:00;537
3;5:19:00;511
3;5:20:00;560
3;5:21:00;542
3;5:22:00;548
3;5:23:00;547
3;5:24:00;534
3;5:25:00;542
3;5:26:00;531
3;5:27:00;505
3;5:28:00;522
3;5:29:00;512
3;5:30:00;581
3;5:31:00;600
3;5:32:00;543
3;5:33:00;528
3;5:34:00;551
3;5:35:00;563
3;5:36:00;581
3;5:37:00;635
3;5:38:00;646
3;5:39:00;695
3;5:40:00;684
3;5:41:00;625
3;5:42:00;599
3;5:43:00;600
3;5:44:00;622
3;5:45:00;583
3;5:46:00;618
3;5:47:00;616
3;5:48:00;556
3;5:49:00;554
3;5:50:00;578
3;5:51:00;560
3;5:52:00;539
3;5:53:00;554
3;5:54:00;585
3;5:55:00;624
3;5:56:00;632
3;5:57:00;579
3;5:58:00;558
3;5:59:00;597
3;6:00:00;552
3;6:01:00;559
3;6:02:00;721
3;6:03:00;578
3;6:04:00;662
3;6:05:00;539
3;6:06:00;514
3;6:07:00;502
3;6:08:00;521
3;6:09:00;557
3;6:10:00;579
3;6:11:00;585
3;6:12:00;595
3;6:13:00;552
3;6:14:00;576
3;6:15:00;607
3;6:16:00;632
3;6:17:00;597
3;6:18:00;551
3;6:19:00;553
3;6:20:00;562
3;6:21:00;574
3;6:22:00;585
3;6:23:00;574
3;6:24:00;579
3;6:25:00;551
3;6:26:00;541
3;6:27:00;588
3;6:28:00;717
3;6:29:00;627
3;6:30:00;557
3;6:31:00;658
3;6:32:00;738
3;6:33:00;590
3;6:34:00;522
3;6:35:00;579
3;6:36:00;543
3;6:37:00;561
3;6:38:00;670
3;6:39:00;515
3;6:40:00;556
3;6:41:00;493
3;6:42:00;579
3;6:43:00;569
3;6:44:00;535
3;6:45:00;541
3;6:46:00;524
3;6:47:00;502
3;6:48:00;499
3;6:49:00;465
3;6:50:00;500
3;6:51:00;528
3;6:52:00;574
3;6:53:00;592
3;6:54:00;606
3;6:55:00;587
3;6:56:00;616
3;6:57:00;741
3;6:58:00;592
3;6:59:00;558
3;7:00:00;511
3;7:01:00;520
3;7:02:00;519
3;7:03:00;581
3;7:04:00;632
3;7:05:00;669
3;7:06:00;607
3;7:07:00;532
3;7:08:00;595
3;7:09:00;548
3;7:10:00;550
3;7:11:00;552
3;7:12:00;623
3;7:13:00;528
3;7:14:00;540
3;7:15:00;608
3;7:16:00;606
3;7:17:00;585
3;7:18:00;587
3;7:19:00;606
3;7:20:00;555
3;7:21:00;558
3;7:22:00;569
3;7:23:00;566
3;7:24:00;562
3;7:25:00;605
3;7:26:00;615
3;7:27:00;592
3;7:28:00;547
3;7:29:00;514
3;7:30:00;587
3;7:31:00;537
3;7:32:00;539
3;7:33:00;582
3;7:34:00;598
3;7:35:00;517
3;7:36:00;533
3;7:37:00;558
3;7:38:00;521
3;7:39:00;545
3;7:40:00;542
3;7:41:00;514
3;7:42:00;524
3;7:43:00;563
3;7:44:00;589
3;7:45:00;502
3;7:46:00;556
3;7:47:00;575
3;7:48:00;577
3;7:49:00;601
3;7:50:00;565
3;7:51:00;584
3;7:52:00;621
3;7:53:00;562
3;7:54:00;597
3;7:55:00;534
3;7:56:00;611
3;7:57:00;540
3;7:58:00;598
3;7:59:00;549
3;8:00:00;600
3;8:01:00;604
3;8:02:00;568
3;8:03:00;539
3;8:04:00;577
3;8:05:00;574
3;8:06:00;603
3;8:07:00;602
3;8:08:00;542
3;8:09:00;615
3;8:10:00;558
3;8:11:00;560
3;8:12:00;612
3;8:13:00;561
3;8:14:00;537
3;8:15:00;533
3;8:16:00;554
3;8:17:00;573
3;8:18:00;614
3;8:19:00;565
3;8:20:00;625
3;8:21:00;572
3;8:22:00;563
3;8:23:00;548
3;8:24:00;610
3;8:25:00;540
3;8:26:00;579
3;8:27:00;559
3;8:28:00;602
3;8:29:00;573
3;8:30:00;547
3;8:31:00;576
3;8:32:00;585
3;8:33:00;602
3;8:34:00;585
3;8:35:00;622
3;8:36:00;641
3;8:37:00;608
3;8:38:00;632
3;8:39:00;559
3;8:40:00;548
3;8:41:00;636
3;8:42:00;610
3;8:43:00;601
3;8:44:00;587
3;8:45:00;645
3;8:46:00;622
3;8:47:00;653
3;8:48:00;738
3;8:49:00;603
3;8:50:00;600
3;8:51:00;616
3;8:52:00;583
3;8:53:00;671
3;8:54:00;602
3;8:55:00;598
3;8:56:00;598
3;8:57:00;594
3;8:58:00;553
3;8:59:00;582
3;9:00:00;654
3;9:01:00;645
3;9:02:00;654
3;9:03:00;629
3;9:04:00;663
3;9:05:00;649
3;9:06:00;691
3;9:07:00;722
3;9:08:00;717
3;9:09:00;653
3;9:10:00;691
3;9:11:00;565
3;9:12:00;550
3;9:13:00;587
3;9:14:00;646
3;9:15:00;553
3;9:16:00;548
3;9:17:00;613
3;9:18:00;604
3;9:19:00;566
3;9:20:00;655
3;9:21:00;568
3;9:22:00;616
3;9:23:00;585
3;9:24:00;584
3;9:25:00;572
3;9:26:00;621
3;9:27:00;588
3;9:28:00;588
3;9:29:00;596
3;9:30:00;575
3;9:31:00;553
3;9:32:00;644
3;9:33:00;604
3;9:34:00;620
3;9:35:00;595
3;9:36:00;597
3;9:37:00;611
3;9:38:00;685
3;9:39:00;569
3;9:40:00;559
3;9:41:00;587
3;9:42:00;586
3;9:43:00;560
3;9:44:00;616
3;9:45:00;603
3;9:46:00;617
3;9:47:00;650
3;9:48:00;628
3;9:49:00;659
3;9:50:00;677
3;9:51:00;584
3;9:52:00;638
3;9:53:00;610
3;9:54:00;623
3;9:55:00;627
3;9:56:00;610
3;9:57:00;618
3;9:58:00;599
3;9:59:00;633
3;10:00:00;653
3;10:01:00;577
3;10:02:00;606
3;10:03:00;612
3;10:04:00;625
3;10:05:00;596
3;10:06:00;582
3;10:07:00;594
3;10:08:00;642
3;10:09:00;628
3;10:10:00;574
3;10:11:00;573
3;10:12:00;644
3;10:13:00;599
3;10:14:00;640
3;10:15:00;581
3;10:16:00;594
3;10:17:00;607
3;10:18:00;659
3;10:19:00;720
3;10:20:00;614
3;10:21:00;621
3;10:22:00;604
3;10:23:00;571
3;10:24:00;608
3;10:25:00;637
3;10:26:00;642
3;10:27:00;579
3;10:28:00;612
3;10:29:00;633
3;10:30:00;601
3;10:31:00;624
3;10:32:00;580
3;10:33:00;599
3;10:34:00;569
3;10:35:00;627
3;10:36:00;553
3;10:37:00;644
3;10:38:00;573
3;10:39:00;625
3;10:40:00;591
3;10:41:00;551
3;10:42:00;568
3;10:43:00;654
3;10:44:00;592
3;10:45:00;589
3;10:46:00;567
3;10:47:00;697
3;10:48:00;596
3;10:49:00;580
3;10:50:00;566
3;10:51:00;610
3;10:52:00;630
3;10:53:00;614
3;10:54:00;587
3;10:55:00;546
3;10:56:00;562
3;10:57:00;574
3;10:58:00;649
3;10:59:00;577
3;11:00:00;612
3;11:01:00;592
3;11:02:00;589
3;11:03:00;614
3;11:04:00;643
3;11:05:00;580
3;11:06:00;564
3;11:07:00;659
3;11:08:00;673
3;11:09:00;621
3;11:10:00;559
3;11:11:00;591
3;11:12:00;632
3;11:13:00;651
3;11:14:00;579
3;11:15:00;560
3;11:16:00;632
3;11:17:00;582
3;11:18:00;570
3;11:19:00;600
3;11:20:00;574
3;11:21:00;607
3;11:22:00;547
3;11:23:00;670
3;11:24:00;608
3;11:25:00;592
3;11:26:00;604
3;11:27:00;599
3;11:28:00;594
3;11:29:00;595
3;11:30:00;589
3;11:31:00;573
3;11:32:00;595
3;11:33:00;613
3;11:34:00;609
3;11:35:00;567
3;11:36:00;631
3;11:37:00;612
3;11:38:00;561
3;11:39:00;604
3;11:40:00;609
3;11:41:00;594
3;11:42:00;603
3;11:43:00;568
3;11:44:00;586
3;11:45:00;640
3;11:46:00;600
3;11:47:00;644
3;11:48:00;598
3;11:49:00;579
3;11:50:00;579
3;11:51:00;560
3;11:52:00;559
3;11:53:00;596
3;11:54:00;570
3;11:55:00;654
3;11:56:00;600
3;11:57:00;595
3;11:58:00;617
3;11:59:00;605
3;12:00:00;587
3;12:01:00;629
3;12:02:00;623
3;12:03:00;590
3;12:04:00;555
3;12:05:00;615
3;12:06:00;614
3;12:07:00;635
3;12:08:00;586
3;12:09:00;555
3;12:10:00;613
3;12:11:00;572
3;12:12:00;570
3;12:13:00;563
3;12:14:00;566
3;12:15:00;596
3;12:16:00;591
3;12:17:00;588
3;12:18:00;655
3;12:19:00;656
3;12:20:00;592
3;12:21:00;612
3;12:22:00;605
3;12:23:00;681
3;12:24:00;715
3;12:25:00;654
3;12:26:00;586
3;12:27:00;595
3;12:28:00;539
3;12:29:00;575
3;12:30:00;601
3;12:31:00;584
3;12:32:00;572
3;12:33:00;570
3;12:34:00;626
3;12:35:00;640
3;12:36:00;580
3;12:37:00;580
3;12:38:00;663
3;12:39:00;552
3;12:40:00;599
3;12:41:00;677
3;12:42:00;571
3;12:43:00;566
3;12:44:00;546
3;12:45:00;546
3;12:46:00;566
3;12:47:00;584
3;12:48:00;607
3;12:49:00;573
3;12:50:00;544
3;12:51:00;609
3;12:52:00;627
3;12:53:00;597
3;12:54:00;605
3;12:55:00;583
3;12:56:00;580
3;12:57:00;577
3;12:58:00;596
3;12:59:00;563
3;13:00:00;552
3;13:01:00;573
3;13:02:00;619
3;13:03:00;591
3;13:04:00;547
3;13:05:00;632
3;13:06:00;551
3;13:07:00;630
3;13:08:00;608
3;13:09:00;546
3;13:10:00;574
3;13:11:00;588
3;13:12:00;573
3;13:13:00;585
3;13:14:00;620
3;13:15:00;594
3;13:16:00;599
3;13:17:00;636
3;13:18:00;614
3;13:19:00;647
3;13:20:00;640
3;13:21:00;570
3;13:22:00;552
3;13:23:00;548
3;13:24:00;599
3;13:25:00;601
3;13:26:00;560
3;13:27:00;542
3;13:28:00;544
3;13:29:00;558
3;13:30:00;602
3;13:31:00;591
3;13:32:00;588
3;13:33:00;589
3;13:34:00;541
3;13:35:00;612
3;13:36:00;598
3;13:37:00;607
3;13:38:00;608
3;13:39:00;586
3;13:40:00;565
3;13:41:00;639
3;13:42:00;547
3;13:43:00;624
3;13:44:00;683
3;13:45:00;594
3;13:46:00;598
3;13:47:00;537
3;13:48:00;554
3;13:49:00;681
3;13:50:00;596
3;13:51:00;571
3;13:52:00;554
3;13:53:00;604
3;13:54:00;649
3;13:55:00;562
3;13:56:00;533
3;13:57:00;581
3;13:58:00;605
3;13:59:00;573
3;14:00:00;586
3;14:01:00;573
3;14:02:00;619
3;14:03:00;581
3;14:04:00;585
3;14:05:00;600
3;14:06:00;605
3;14:07:00;603
3;14:08:00;564
3;14:09:00;587
3;14:10:00;638
3;14:11:00;628
3;14:12:00;579
3;14:13:00;562
3;14:14:00;587
3;14:15:00;543
3;14:16:00;597
3;14:17:00;532
3;14:18:00;576
3;14:19:00;568
3;14:20:00;618
3;14:21:00;565
3;14:22:00;533
3;14:23:00;568
3;14:24:00;630
3;14:25:00;599
3;14:26:00;577
3;14:27:00;599
3;14:28:00;506
3;14:29:00;549
3;14:30:00;574
3;14:31:00;545
3;14:32:00;594
3;14:33:00;587
3;14:34:00;581
3;14:35:00;606
3;14:36:00;599
3;14:37:00;554
3;14:38:00;575
3;14:39:00;551
3;14:40:00;609
3;14:41:00;574
3;14:42:00;606
3;14:43:00;614
3;14:44:00;589
3;14:45:00;550
3;14:46:00;593
3;14:47:00;541
3;14:48:00;644
3;14:49:00;600
3;14:50:00;569
3;14:51:00;600
3;14:52:00;586
3;14:53:00;578
3;14:54:00;562
3;14:55:00;571
3;14:56:00;585
3;14:57:00;620
3;14:58:00;578
3;14:59:00;624
3;15:00:00;556
3;15:01:00;581
3;15:02:00;595
3;15:03:00;585
3;15:04:00;594
3;15:05:00;565
3;15:06:00;648
3;15:07:00;606
3;15:08:00;621
3;15:09:00;636
3;15:10:00;637
3;15:11:00;619
3;15:12:00;573
3;15:13:00;581
3;15:14:00;608
3;15:15:00;657
3;15:16:00;607
3;15:17:00;583
3;15:18:00;561
3;15:19:00;583
3;15:20:00;612
3;15:21:00;589
3;15:22:00;588
3;15:23:00;579
3;15:24:00;583
3;15:25:00;571
3;15:26:00;558
3;15:27:00;586
3;15:28:00;596
3;15:29:00;617
3;15:30:00;650
3;15:31:00;578
3;15:32:00;576
3;15:33:00;566
3;15:34:00;627
3;15:35:00;601
3;15:36:00;566
3;15:37:00;585
3;15:38:00;577
3;15:39:00;617
3;15:40:00;655
3;15:41:00;582
3;15:42:00;658
3;15:43:00;608
3;15:44:00;576
3;15:45:00;565
3;15:46:00;574
3;15:47:00;579
3;15:48:00;549
3;15:49:00;562
3;15:50:00;572
3;15:51:00;614
3;15:52:00;620
3;15:53:00;599
3;15:54:00;590
3;15:55:00;587
3;15:56:00;596
3;15:57:00;628
3;15:58:00;638
3;15:59:00;642
3;16:00:00;643
3;16:01:00;621
3;16:02:00;593
3;16:03:00;629
3;16:04:00;636
3;16:05:00;616
3;16:06:00;630
3;16:07:00;643
3;16:08:00;681
3;16:09:00;613
3;16:10:00;625
3;16:11:00;606
3;16:12:00;665
3;16:13:00;596
3;16:14:00;661
3;16:15:00;599
3;16:16:00;602
3;16:17:00;628
3;16:18:00;649
3;16:19:00;650
3;16:20:00;607
3;16:21:00;605
3;16:22:00;595
3;16:23:00;672
3;16:24:00;590
3;16:25:00;647
3;16:26:00;598
3;16:27:00;642
3;16:28:00;624
3;16:29:00;587
3;16:30:00;624
3;16:31:00;584
3;16:32:00;579
3;16:33:00;585
3;16:34:00;679
3;16:35:00;622
3;16:36:00;612
3;16:37:00;597
3;16:38:00;596
3;16:39:00;565
3;16:40:00;585
3;16:41:00;616
3;16:42:00;613
3;16:43:00;605
3;16:44:00;583
3;16:45:00;600
3;16:46:00;585
3;16:47:00;627
3;16:48:00;616
3;16:49:00;666
3;16:50:00;633
3;16:51:00;620
3;16:52:00;601
3;16:53:00;635
3;16:54:00;590
3;16:55:00;616
3;16:56:00;586
3;16:57:00;623
3;16:58:00;570
3;16:59:00;602
3;17:00:00;639
3;17:01:00;613
3;17:02:00;625
3;17:03:00;621
3;17:04:00;602
3;17:05:00;608
3;17:06:00;605
3;17:07:00;629
3;17:08:00;629
3;17:09:00;611
3;17:10:00;621
3;17:11:00;655
3;17:12:00;647
3;17:13:00;656
3;17:14:00;654
3;17:15:00;664
3;17:16:00;642
3;17:17:00;660
3;17:18:00;659
3;17:19:00;647
3;17:20:00;695
3;17:21:00;668
3;17:22:00;665
3;17:23:00;683
3;17:24:00;659
3;17:25:00;666
3;17:26:00;684
3;17:27:00;660
3;17:28:00;662
3;17:29:00;666
3;17:30:00;670
3;17:31:00;676
3;17:32:00;671
3;17:33:00;686
3;17:34:00;675
3;17:35:00;671
3;17:36:00;677
3;17:37:00;679
3;17:38:00;683
3;17:39:00;656
3;17:40:00;667
3;17:41:00;660
3;17:42:00;678
3;17:43:00;687
3;17:44:00;645
3;17:45:00;645
3;17:46:00;647
3;17:47:00;646
3;17:48:00;654
3;17:49:00;666
3;17:50:00;670
3;17:51:00;649
3;17:52:00;649
3;17:53:00;650
3;17:54:00;667
3;17:55:00;650
3;17:56:00;656
3;17:57:00;657
3;17:58:00;663
3;17:59:00;650
3;18:00:00;654
3;18:01:00;654
3;18:02:00;662
3;18:03:00;655
3;18:04:00;667
3;18:05:00;613
3;18:06:00;633
3;18:07:00;624
3;18:08:00;630
3;18:09:00;623
3;18:10:00;627
3;18:11:00;653
3;18:12:00;701
3;18:13:00;634
3;18:14:00;613
3;18:15:00;625
3;18:16:00;621
3;18:17:00;633
3;18:18:00;630
3;18:19:00;625
3;18:20:00;621
3;18:21:00;647
3;18:22:00;664
3;18:23:00;647
3;18:24:00;601
3;18:25:00;650
3;18:26:00;673
3;18:27:00;651
3;18:28:00;596
3;18:29:00;636
3;18:30:00;656
3;18:31:00;637
3;18:32:00;652
3;18:33:00;600
3;18:34:00;623
3;18:35:00;612
3;18:36:00;646
3;18:37:00;632
3;18:38:00;644
3;18:39:00;609
3;18:40:00;629
3;18:41:00;635
3;18:42:00;683
3;18:43:00;789
3;18:44:00;662
3;18:45:00;631
3;18:46:00;654
3;18:47:00;620
3;18:48:00;627
3;18:49:00;679
3;18:50:00;666
3;18:51:00;622
3;18:52:00;651
3;18:53:00;638
3;18:54:00;681
3;18:55:00;653
3;18:56:00;636
3;18:57:00;616
3;18:58:00;661
3;18:59:00;642
3;19:00:00;664
3;19:01:00;627
3;19:02:00;634
3;19:03:00;621
3;19:04:00;614
3;19:05:00;652
3;19:06:00;626
3;19:07:00;619
3;19:08:00;610
3;19:09:00;612
3;19:10:00;614
3;19:11:00;620
3;19:12:00;627
3;19:13:00;654
3;19:14:00;596
3;19:15:00;622
3;19:16:00;586
3;19:17:00;618
3;19:18:00;630
3;19:19:00;634
3;19:20:00;606
3;19:21:00;641
3;19:22:00;619
3;19:23:00;615
3;19:24:00;628
3;19:25:00;621
3;19:26:00;622
3;19:27:00;641
3;19:28:00;649
3;19:29:00;624
3;19:30:00;633
3;19:31:00;670
3;19:32:00;627
3;19:33:00;615
3;19:34:00;626
3;19:35:00;618
3;19:36:00;643
3;19:37:00;618
3;19:38:00;598
3;19:39:00;601
3;19:40:00;596
3;19:41:00;626
3;19:42:00;664
3;19:43:00;629
3;19:44:00;608
3;19:45:00;606
3;19:46:00;616
3;19:47:00;678
3;19:48:00;690
3;19:49:00;600
3;19:50:00;643
3;19:51:00;616
3;19:52:00;620
3;19:53:00;743
3;19:54:00;724
3;19:55:00;618
3;19:56:00;617
3;19:57:00;621
3;19:58:00;639
3;19:59:00;600
3;20:00:00;611
3;20:01:00;615
3;20:02:00;604
3;20:03:00;598
3;20:04:00;635
3;20:05:00;614
3;20:06:00;651
3;20:07:00;609
3;20:08:00;617
3;20:09:00;594
3;20:10:00;583
3;20:11:00;606
3;20:12:00;628
3;20:13:00;621
3;20:14:00;650
3;20:15:00;648
3;20:16:00;659
3;20:17:00;671
3;20:18:00;654
3;20:19:00;685
3;20:20:00;651
3;20:21:00;648
3;20:22:00;683
3;20:23:00;661
3;20:24:00;669
3;20:25:00;618
3;20:26:00;619
3;20:27:00;638
3;20:28:00;635
3;20:29:00;650
3;20:30:00;663
3;20:31:00;615
3;20:32:00;628
3;20:33:00;649
3;20:34:00;626
3;20:35:00;652
3;20:36:00;632
3;20:37:00;623
3;20:38:00;627
3;20:39:00;625
3;20:40:00;628
3;20:41:00;617
3;20:42:00;630
3;20:43:00;626
3;20:44:00;626
3;20:45:00;628
3;20:46:00;623
3;20:47:00;631
3;20:48:00;665
3;20:49:00;647
3;20:50:00;651
3;20:51:00;693
3;20:52:00;655
3;20:53:00;628
3;20:54:00;651
3;20:55:00;621
3;20:56:00;639
3;20:57:00;661
3;20:58:00;629
3;20:59:00;633
3;21:00:00;631
3;21:01:00;620
3;21:02:00;660
3;21:03:00;616
3;21:04:00;614
3;21:05:00;610
3;21:06:00;619
3;21:07:00;629
3;21:08:00;629
3;21:09:00;624
3;21:10:00;648
3;21:11:00;646
3;21:12:00;625
3;21:13:00;642
3;21:14:00;658
3;21:15:00;640
3;21:16:00;639
3;21:17:00;665
3;21:18:00;647
3;21:19:00;619
3;21:20:00;622
3;21:21:00;621
3;21:22:00;633
3;21:23:00;635
3;21:24:00;638
3;21:25:00;650
3;21:26:00;635
3;21:27:00;641
3;21:28:00;627
3;21:29:00;623
3;21:30:00;605
3;21:31:00;628
3;21:32:00;614
3;21:33:00;652
3;21:34:00;628
3;21:35:00;628
3;21:36:00;635
3;21:37:00;643
3;21:38:00;622
3;21:39:00;640
3;21:40:00;703
3;21:41:00;666
3;21:42:00;661
3;21:43:00;670
3;21:44:00;646
3;21:45:00;643
3;21:46:00;656
3;21:47:00;638
3;21:48:00;648
3;21:49:00;641
3;21:50:00;662
3;21:51:00;678
3;21:52:00;657
3;21:53:00;659
3;21:54:00;652
3;21:55:00;672
3;21:56:00;640
3;21:57:00;638
3;21:58:00;665
3;21:59:00;668
3;22:00:00;655
3;22:01:00;650
3;22:02:00;643
3;22:03:00;655
3;22:04:00;667
3;22:05:00;654
3;22:06:00;644
3;22:07:00;641
3;22:08:00;628
3;22:09:00;642
3;22:10:00;646
3;22:11:00;651
3;22:12:00;644
3;22:13:00;644
3;22:14:00;639
3;22:15:00;633
3;22:16:00;641
3;22:17:00;670
3;22:18:00;652
3;22:19:00;649
3;22:20:00;655
3;22:21:00;663
3;22:22:00;667
3;22:23:00;655
3;22:24:00;676
3;22:25:00;669
3;22:26:00;676
3;22:27:00;671
3;22:28:00;679
3;22:29:00;663
3;22:30:00;646
3;22:31:00;645
3;22:32:00;660
3;22:33:00;728
3;22:34:00;663
3;22:35:00;637
3;22:36:00;638
3;22:37:00;645
3;22:38:00;648
3;22:39:00;679
3;22:40:00;664
3;22:41:00;658
3;22:42:00;676
3;22:43:00;694
3;22:44:00;687
3;22:45:00;706
3;22:46:00;672
3;22:47:00;657
3;22:48:00;665
3;22:49:00;700
3;22:50:00;708
3;22:51:00;746
3;22:52:00;707
3;22:53:00;720
3;22:54:00;698
3;22:55:00;724
3;22:56:00;691
3;22:57:00;680
3;22:58:00;680
3;22:59:00;685
3;23:00:00;714
3;23:01:00;703
3;23:02:00;700
3;23:03:00;720
3;23:04:00;737
3;23:05:00;719
3;23:06:00;726
3;23:07:00;745
3;23:08:00;703
3;23:09:00;674
3;23:10:00;661
3;23:11:00;670
3;23:12:00;664
3;23:13:00;664
3;23:14:00;696
3;23:15:00;663
3;23:16:00;683
3;23:17:00;678
3;23:18:00;680
3;23:19:00;679
3;23:20:00;683
3;23:21:00;678
3;23:22:00;671
3;23:23:00;665
3;23:24:00;675
3;23:25:00;658
3;23:26:00;660
3;23:27:00;679
3;23:28:00;699
3;23:29:00;666
3;23:30:00;656
3;23:31:00;664
3;23:32:00;674
3;23:33:00;669
3;23:34:00;688
3;23:35:00;682
3;23:36:00;682
3;23:37:00;694
3;23:38:00;685
3;23:39:00;699
3;23:40:00;700
3;23:41:00;709
3;23:42:00;706
3;23:43:00;709
3;23:44:00;713
3;23:45:00;719
3;23:46:00;705
3;23:47:00;703
3;23:48:00;694
3;23:49:00;690
3;23:50:00;676
3;23:51:00;683
3;23:52:00;681
3;23:53:00;668
3;23:54:00;676
3;23:55:00;664
3;23:56:00;673
3;23:57:00;681
3;23:58:00;662
3;23:59:00;692